Código,Descripción,Cantidad,Formato,Costo de Compra,Precio de Venta
100,BAT.  HELIAR  65 AH.  E  TA65NE.,9,PZA,0,840.0
101,BAT.  HELIAR  65 AH.  D  TA65ND.,21,PZA,0,840.0
102,BAT.  HELIAR  70 AH.  D  F70ND  BLAN.,6,PZA,0,860.0
103,BAT.  HELIAR  75 AH.  E  F75LE.  NOR.  JAPON.,0,PZA,0,635.2999877929688
104,BAT.  HELIAR  75 AH.  D  F75LD.  NOR.  JAPON.,0,PZA,0,635.2999877929688
105,ACEIT.  YPFB  20W50   GAL.  GAS.,676,PZA,0,100.0
106,ACEIT.  YPFB  20W50   GAL.  DIESEL  PLUS,44,PZA,0,100.0
107,ACEIT.  YPFB  15W40   GAL.  DIESEL  TURBO.,125,PZA,0,120.0
108,ACEIT.  YPFB  40   GAL.  DIESEL.,16,PZA,0,100.0
109,ACEIT.  YPFB  40   GAL.  GAS.,184,PZA,0,95.0
110,ACEIT.  YPFB  40   GAS.  LITRO.,188,PZA,0,28.0
116,ACEIT.  CASTROL  10W40  GAS.  GAL.,50,PZA,0,180.0
117,ACEIT.  CASTROL  10W40  GAS.  LITRO.,25,PZA,0,45.0
118,ACEIT.  CASTROL  20W50  GAS.  LITRO.,119,PZA,0,50.0
119,ACEIT.  XCEL  15W40   GAS.  GAL.,146,PZA,0,140.0
120,ACEIT.  XCEL  10W40   GAS.  GAL.,10,PZA,0,140.0
121,BUL.  ACEIT.  DREIK  ACEIT.  DOP1130  10020  30030. TAIW.,124,PZA,0,19.0
122,ACEIT.  XCEL  80W90     LITRO  GL-5.,97,PZA,0,38.0
123,LIQ.  HIDRAUL.  DEXT.III. D/M EMB. NEG. VERDE.,0,PZA,0,30.0
124,LIQ.  HIDRAUL.  XCEL  TYPE A LITRO.,0,PZA,0,20.0
125,LIQ.  HIDRAUL.  GOL-DEN ATF LITRO  ROJO.,151,PZA,0,25.0
126,LIQ.  HIDRAUL.  GUNK  354 ML. DIR.  AMAR.,2,PZA,0,33.0
127,CINTURON  PLAST.  5X250   NEGRO.,83,PZA,0,1.200000047683716
133,ANTIC.  VISTON.  GAL.  AMARILL  CONCEN.,0,PZA,0,130.0
134,ANTIC.  VISTON.  GAL.  AZUL  REFREG.,11,PZA,0,75.0
135,ANTIC.  VISTON.  LITR.  AMARILL.  CONCEN.,43,PZA,0,45.0
136,ANTIC.  VISTON.  LITR.  AZUL   REFRE.,26,PZA,0,25.0
137,ANTIC.  VISTON.  LITR.  VERDE  OXITAN.,35,PZA,0,22.0
138,ANTIC.  PRESTONE  GAL.  AMRILL. DERECTO.,0,PZA,0,105.0
139,ANTIC.  PRESTONE  LITR.  AMAR.  CONC.,-1,PZA,0,48.0
140,SILIC.  STP  295ML  TABL.,181,PZA,0,25.0
141,SILIC.  VISTONY  300 ML.  WHITE  GRANDE. TABL.,22,PZA,0,28.0
142,RENOV.  SAPOLIO   LLANTAS. SPRAY  288G./360ML,26,PZA,0,20.0
143,RENOV.  STP. LLANTAS  TAPA NEGRA SON OF A GUN!,12,PZA,0,33.0
144,LIMP.  TAPIZ   STP  TUFF  STUFF.,24,PZA,0,32.0
145,LIMP.  TAPIZ   SAPOLIO  SPRAIT.,11,PZA,0,20.0
146,SEGURO  DE  PLASTICO  GRANDE,-3,PZA,0,1.0
147,GRAS.  VISTONY  453 GR.  AZUL  GRAFIT.,74,PZA,0,25.0
148,GRAS.  VISTONY  453  GR. EP 2 AMARILL.,127,PZA,0,28.0
149,GRAS.  VISTONY  453   GR.  H-3  VERDE,3,PZA,0,25.0
150,GRAS.  VISTONY  453 GR.  EP-2  CELEST. ROSADO.,-1,PZA,0,25.0
151,GRAS.  VISTONY  225  GR.  GRAFI.  AZUL.,67,PZA,0,20.0
152,GRAS.  VISTONY  225  GR. EP-2  CEL.  ROSADO.,0,PZA,0,20.0
153,GRAS.  VISTONY  225  GR.  H3  VERDE,0,PZA,0,20.0
154,GRAS.  VISTONY  225  GR.  EP-2  AMARILL.,42,PZA,0,20.0
155,GRAS. STP 453 GRS,0,PZA,0,35.0
156,SEGURO  DE  PLASTICO  CHICO,-2,PZA,0,1.0
157,GRAS. MOBIL  500GRS,0,PZA,0,30.0
158,GRAS.  GOLDEN  450 GRA.  LITIOL  ROD.,14,PZA,0,30.0
159,GRAS.  GOLDEN  250 GRA.  LITIOL  ROD.,21,PZA,0,19.0
160,GRAS. YPFB Nº3  NEGRO  500 GRS.,5,PZA,0,28.0
161,GRAS. MEXICANA EP 2  250GRS,0,PZA,0,25.0
162,GRAS. XCEL #2  453GRS,1,PZA,0,35.0
163,CERA   SIMONIZ  CREMA  300 GRS.,1,PZA,0,25.0
164,CERA   SIMONIZ  CARNAUBA.,0,PZA,0,16.0
165,CERA   THEAM  200GR.  40001559.,8,PZA,0,22.0
166,CERA   SAPOLIO  CREMA  AMARILL.  200GR.,40,PZA,0,15.0
167,CERA   SIMONIZ  CARNAUBA   LIQ. 500 CC.,0,PZA,0,28.0
168,ADIT.  SIMONIZ   DIESEL  .,3,PZA,0,25.0
169,ADIT.  AKRON   ACEITE  443ML.,-1,PZA,0,25.0
170,ADIT.  SIMONIZ   ACEIT.  354ML.  GAS.,0,PZA,0,25.0
171,ADIT.  STP  GASOL.  MOTOR.  AZUL.  300ML.,69,PZA,0,20.0
172,ADITIV0   GASOLINA   AKROM  250ML.,0,PZA,0,20.0
173,LIMP.  VIDRIO  SAPOLIO  EN  SPRAIT.,3,PZA,0,20.0
174,LIMP.  VIDRIO  SAPOLIO  LIQUI.  670ML  GAT.,2,PZA,0,15.0
175,LIQ.  PARABR.  DE  VIDRIOS AKROM  1LT,0,PZA,0,26.0
176,LIMP.  VIDRIO  SIMONIZ  LIQUI.  500ML.,1,PZA,0,35.0
177,AGUA   BAT.  VISTONY  1 LT.,140,PZA,0,10.0
178,LIMP.  INYECT.  MEXICANO.  TAPA  ROJA.,-2,PZA,0,45.0
179,CABLE  VERDE  Nº 14  ARG.,95,PZA,0,2.0
180,CABLE  NEGRO  Nº  14  ARG.,1287,PZA,0,2.0
181,CABLE  AMARI.  Nº 14  ARG.,406,PZA,0,2.0
182,CABLE  ROJO  Nº  14  ARG.,991,PZA,0,2.0
183,LIQ.  FRENO   WAG.  DE  LITRO.,10,PZA,0,42.0
184,LIQ.  FRENO   WAG.  12  U.S.,289,PZA,0,20.0
185,LIQ.  FRENO   WAG.  8  US.,222,PZA,0,16.0
186,LIQ.  FRENO   DOT 4 NEGRO,-1,PZA,0,20.0
187,FIL.  ACEIT.  MD  332687   STANDARD  PARTS.,87,PZA,0,30.0
188,FIL.  ACEIT.  MD 031805.,16,PZA,0,30.0
189,FIL.  ACEIT.  MD 134953,103,PZA,0,30.0
190,SILIC.  POWER EAGLE  LEMON  450ML.,10,PZA,0,23.0
191,FIL.  ACEIT.  MB 220900    COMBUS.  MIT.  PAJ. NEGR.,4,PZA,0,29.0
192,FIL.  HIGHFIL  COMBUS.  23303-64010.,35,PZA,0,40.0
193,FIL.  ACEIT.  MD 069782  MIT.  PAJ.,59,PZA,0,55.0
194,FIL.  ACEIT.  FDP.  FH8A.,176,PZA,0,25.0
195,FIL.  ACEIT.  FDP.  FH47 A.,30,PZA,0,15.0
197,FIL.  ACEIT.  FDP.  FH291.,22,PZA,0,19.0
198,FIL.  ACEIT.  FRAM  PH 3614  USA.,-11,PZA,0,30.0
199,FIL.  ACEIT.  FRAM  PH  8A .,0,PZA,0,35.0
200,FIL.  ACEIT.  FRAM  PH 966B,5,PZA,0,30.0
201,FIL.  ACEIT.  FRAM  PH  2825  USA.,-1,PZA,0,30.0
202,FIL.  ACEIT.  FRAM  PH  3593A,13,PZA,0,16.0
203,FIL.  ACEIT.  HIGHFIL  FH 966B,527,PZA,0,20.0
204,FIL.  ACEIT.  HIGHFIL  FH  2825.,140,PZA,0,25.0
205,FIL.  ACEIT.  HIGHFIL  FH   8A.,86,PZA,0,13.5
206,FIL.  ACEIT.  MAX-FIL 8A,0,PZA,0,14.0
207,FIL.  ACEIT.  OIL FILTER  90915-03001.,144,PZA,0,25.0
208,FIL.  ACEIT.  FRAM  PH 2845,0,PZA,0,30.0
209,FIL.  ACEIT.  FRAM  PH 8 A  PRAS.,9,PZA,0,35.0
210,FIL.  ACEIT.  FRAM  PH 2862 C  PRAS.,1,PZA,0,23.0
211,FIL.  ACEIT.  FRAM  PH 2870B  PRAS.,0,PZA,0,28.0
212,BUJ.  DENSO  W16EX-U 3203.,1038,PZA,0,15.0
213,BUJ.  DENSO  K16TR11#4 3194#4. 2 ELECT.,999,PZA,0,19.0
214,BUJ.  DENSO  Q16PR-U11#4 (3137) #4.,708,PZA,0,17.0
215,BUJ.  DENSO  W20FP-U 3068.,1,PZA,0,17.0
216,BUJ.  BOSCH   WR 8DC+  GRUE.  LAR.,2,PZA,0,18.0
217,BUJ.  BOSCH   FR8DCX  ROSC. DELG. TOY.,1,PZA,0,18.0
218,BUJ.  BOSCH   WR 8 DC+ PETA  CORT.,12,PZA,0,18.0
219,BUJ.  BOSCH  4 ELECT. WR78  503  GRUE. LAR.,354,PZA,0,0.0
220,BUJ.  CHAMPION   N16YC.,126,PZA,0,18.0
221,TERMOSW.  BRAS. 70-65  GRA.   MTE 705.70/65,134,PZA,0,53.0
222,TERMOSWITCH   ARGEN.  70-65 GRA.  GENY.,39,PZA,0,50.0
223,TERMOSWITCH  TAIW.   ATC  87-77 GRA.,4,PZA,0,35.0
226,FOC.  NARVA  12V.  MEDIA  LUZ  AMPOLL.,5,PZA,0,5.0
228,FOC.  NARVA   CUÑA  12V. 2 CONT.  GRAND. PLAST.,5,PZA,0,19.0
230,HALOG.   NARVA  12V.  H4  60/55W.  NORM. GERM.,4,PZA,0,30.0
232,HALOG.   NARVA  12 V.  H3  100 W.  NORM.,2,PZA,0,28.0
234,FOCO  TAIW.  12 V.  1 CONT.  21W.  NARVA.,-112,PZA,0,3.0
235,FOCO  TAIW.  12 V.  2 CONT.  32/4W.  NARVA.,105,PZA,0,3.0
236,FOCO  TAIW.  12 V.  MEDIA  LUZ  AMPOLL.  TOY.,167,PZA,0,2.5
237,ALOG.  TAIW.  12V.  H7  100W. NORMAL. FR,41,PZA,0,25.0
238,FOCO  TAIW.  FAROL  12 V.  P43T  AMPOLL.  NARVA.,0,PZA,0,10.0
239,FOCO  TAIW.  FAROL  12 V.  P45T  AMPOLL.  NARVA.,-11,PZA,0,10.0
240,ALOG.  TAIW.  H3C  12V.  100W.,24,PZA,0,15.0
241,ALOG.  TAIW.  12 V.  9004  NORM.  100/90W.,81,PZA,0,25.0
242,FOC. TAIW.  CUÑA  12V  2F. GRAND. JAPONES.,213,PZA,0,10.0
243,FOC. TAIW.  CUÑA  12V.  5W  UNIV.  MED. LUZ,244,PZA,0,2.5
244,FOCO  LED  XG037  12 V. AZUL  CUÑA  ESTUC.,-2,PZA,0,15.0
245,"FOC. TAIW.  CUÑA  12V.1,2W.  PIOJO.",25,PZA,0,2.0
246,FOCO  TAIW.  TECHO  GRANDE  12V.,55,PZA,0,3.0
247,FOCO  TAIW.  TECHO  MEDIANO  12V.,53,PZA,0,2.0
248,FOCO  TAIW.  TECHO  PEQUEÑO  12V.,-3,PZA,0,2.0
249,FIL.  BOSCH  GAS.  450 234  GRAND. METALI.,4,PZA,0,120.0
250,FIL.  GAS.  BOSCH   452-233  PETA  VOLW.,27,PZA,0,18.0
251,FIL.  AIRE  FILGO  17801-31090   TOY.  TACOMA.,35,PZA,0,55.0
252,FIL.  AIRE  ULTRA  13780-77E00.,1,PZA,0,45.0
253,FIL.  HIBARI  GAS.  16400-72L00  NISSAN.,1,PZA,0,35.0
254,FIL.  GAS.  TOP.,0,PZA,0,10.0
255,FIL.  ACEIT.  SURI  64.,0,PZA,0,35.0
256,LLAVE  DE  FILTRO  DE VOLVO  GRANDE.,8,PZA,0,75.0
257,FIL.  GAS.  23300-26060.,0,PZA,0,15.0
258,FIL.  BOSCH  GAS.  238. RECT. CHIC. PLAD.,1,PZA,0,45.0
259,FIL.  GAS.  ARG.  GRANDE.  RECTO.,3,PZA,0,15.0
260,FIL.  GAS.  ARG   PEQUEÑO  RECTO.,1,PZA,0,11.0
261,FIL.  GAS.  ARG.  T.,1,PZA,0,12.0
262,BUL.  FRENO  SANKEI   JAPAN.  ORIG.,0,PZA,0,35.0
263,BUL.  FRENO  APM304004.,-6,PZA,0,20.0
264,BUL.  RETRO  32005-M8005.  C. AMARILLA.,7,PZA,0,30.0
265,BUL.  FRENO   14112  OLIMPIC  FRENO.  PETA.,10,PZA,0,25.0
266,BUL.  FRENO  OLIMP.  14-111. DE VOLS.  PETA.,3,PZA,0,23.0
267,PLAT.  VOLKW044  PETA  BOSCH.,46,PZA,0,25.0
268,CONDENS.  BOSCH  465.  PETA.,101,PZA,0,32.0
269,CONDENS.  NEW-ERA 4NC-92.,4,PZA,0,25.0
270,CONDENS.  NEW-ERA  4NC-95.,1,PZA,0,25.0
271,TAP.  RAD.  CENTURY  CER-109.  NORMAL  ANTIG.,-13,PZA,0,28.0
272,TAP.  RAD.  CENTURY  CER-219.,0,PZA,0,30.0
273,TAP.  RAD.  SANKEI  KH - C19. ANTIG. NOR. ORIG. 13 LBR. 0.9.,6,PZA,0,40.0
274,TAP.  RAD.   Nº 16401-87710,2,PZA,0,20.0
275,ACOPLES PARA TERMOSWITCH  COBRE,57,PZA,0,22.0
276,FLASH.  ELECTR. 12V. 3 SALIT.  TAIW.  VITRIO. (TP-DU5153-12),50,PZA,0,25.0
277,FLASH. TAIW. ELECT. 81980-12070  C. AZUL. ABIERDO.,29,PZA,0,20.0
278,BOM.  SUMBL.  23220-74021 REF  513.,0,PZA,0,180.0
279,BOM.  110715  HKT  GIP-502  SUMERGL.  TOY.,13,PZA,0,380.0
280,FLASH.  MARELIA   IM11431 DE 3 PATAS ELEC.,9,PZA,0,40.0
281,RELAY  TAIWAN 4 SALIDAS,0,PZA,0,20.0
282,RELAY   MARELIA  4 SAL. IM 11351,75,PZA,0,28.0
283,RELAY   MARELIA  5 SAL. IM- 11345.,26,PZA,0,27.0
284,RELAY   ARG. 4 SALIDAS RE-145,32,PZA,0,35.0
285,REG.  NEW - ERA  AVR  577. 12 V.,0,PZA,0,140.0
286,REG.  NEW - ERA  AVR  823  12 V.,0,PZA,0,140.0
287,REG.  DE 2 SALIDAS  TCB12-1,0,PZA,0,80.0
288,REG.  FD  DN C12-2 ORIG.,0,PZA,0,180.0
289,REG.  BOSCH.  12 V.  003  CON  CARBON. 027.,3,PZA,0,150.0
290,REG.  DE  VOLT.  IKRO  524  C. CARBON.,1,PZA,0,90.0
291,REG.  GAUSS.  12 V.  214.,0,PZA,0,120.0
292,REG.  DE VOLTAJE  TAIWAN TOYOTA,0,PZA,0,80.0
293,REG.  DE VOL.  GERM.  VR-134 14V  TAIW C. CARB.,0,PZA,0,120.0
294,BOBI.  BOSCH  PLASTICA  0 986 221 000.,0,PZA,0,1100.0
295,BOBI.  OLIM.  41 104.,0,PZA,0,203.0
296,BOBI.  DIAMOND  GT-63  12V.,0,PZA,0,120.0
297,BOBI.  BOSCH  TAIWAN 9 220 081 067.,1,PZA,0,150.0
298,BOBI.  BOSCH  AZUL  220 081 054.,18,PZA,0,190.0
299,ALOG.  TAIW.  12 V.  9004  AZUL  ESTUC.  100W.,6,PZA,0,30.0
300,ROMPE  NIEBL.  REDON.  AZUL  PLOMO.,1,PZA,0,70.0
301,ALOG.  TAIW.  12V.  H7  AZUL  ESTUCH.  NARVA  100W.,2,PZA,0,25.0
302,ALOG.  TAIW.  12V.  H1  AZUL  ESTUC.  NARVA.,1,PZA,0,30.0
303,REG.  DE VOLTAJE  ZLG 8000 14V,0,PZA,0,140.0
304,PORTA CARBON    VOLSW   ZLG 303,10,PZA,0,35.0
305,ALARMA K9-MUNDIAL-SS,0,PZA,0,250.0
306,ALARMA GENIUS- G23,0,PZA,0,250.0
307,ALARMA GENIUS- G24J,0,PZA,0,250.0
308,ALARMA GENIUS G24A,0,PZA,0,580.0
309,BUJ.  CHAMPION   RC21  SALTA CHISPA INCOR.,342,PZA,0,18.0
310,BUJ.  BOSCH  (655) RH 8 DC.,0,PZA,0,18.0
311,BUJ.  BOSCH  (663) H 7 BC.,0,PZA,0,18.0
312,BUJ.  DENSO  W20FS - U#4.,25,PZA,0,16.0
313,FIL.  ACEIT.  FRAM  PH 16,0,PZA,0,30.0
314,FIL.  ACEIT.  FRAM  PH 2849 A.,-3,PZA,0,30.0
315,FIL.  GAS.  T- 23300-79335. OBSERV.,0,PZA,0,50.0
316,FIL.  HIBARI   GAS.  23300 - 61060 TOY. 3F. RECTA   DESIG.,19,PZA,0,50.0
317,FIL.  HIBARI  GAS.  23300-62030.,0,PZA,0,50.0
318,FIL.  HIBARI  GAS.  31911-22000  ROS.  DES.,-42,PZA,0,40.0
319,FIL.  HIBARI  GAS.  KB359-20-490   KIA.,6,PZA,0,45.0
320,FIL.  AIRE  AIR FILTER  MD 620837  MIT. PAJER. (FAM-37),15,PZA,0,50.0
321,SILICONA  PLOMA  ORIG. MEGA GREY VERSACHEM,97,PZA,0,18.0
322,3M ADESIVO PARA J,-1,PZA,0,17.0
323,FLASH.  VERDE  TAIW.  22070,4,PZA,0,27.0
324,FLASH.   ARG.  RTM-22.  2  TERM.,14,PZA,0,19.0
325,CERA   SAPOLIO  CREMA  ROJO  200GR.,46,PZA,0,16.0
326,ALOG.  TAIW.  12V.  H4  NORM.  100/90W.  BLAN.,88,PZA,0,15.0
327,ALOG.  TAIW.  H3 12V.  100W.  NOR. FROSAT,129,PZA,0,15.0
328,ALOG.  TAIW.  12 V.  9004  AZUL  NARVA  100W.,15,PZA,0,28.0
329,FOCO  TAIW.  12 V.  MEDIA  LUZ  DE  PETA.,52,PZA,0,2.5
330,BAT.  PANASONIC  60 AH.  L  TC - 55D26 L.,10,PZA,0,666.9099731445312
331,BAT.  PANASONIC  60 AH.  R  TC - 55D26 R.,9,PZA,0,666.9099731445312
332,BAT.  PANASONIC  70 AH.  R  TC - 65D31 R.,13,PZA,0,784.0
333,BAT.  PANASONIC  75 AH.  L  TC - 75D31L.,3,PZA,0,784.0
334,ABRAZ.  TITAN  10-56,2,PZA,0,3.869999885559082
335,ABRAZ.  TITAN  10-52.,5,PZA,0,3.839999914169312
336,ABRAZ.  TITAN  10-40,0,PZA,0,3.5
337,ABRAZ.  TITAN  10-48.,10,PZA,0,3.490000009536743
338,ABRAZ.  TITAN  10-44.,9,PZA,0,3.480000019073486
339,ABRAZ.  TITAN  10-36,0,PZA,0,3.099999904632568
340,ABRAZ.  TITAN  30-20,17,PZA,0,3.220000028610229
341,ABRAZ.  TITAN  30-24,14,PZA,0,3.990000009536743
342,ABRAZ.  TITAN  30-16,0,PZA,0,3.099999904632568
343,ABRAZ.  TITAN  30-06.,4,PZA,0,2.799999952316284
344,ABRAZ.  TITAN  10-12,6,PZA,0,2.680000066757202
345,ABRAZ.  TITAN  10-06,6,PZA,0,1.159999966621399
346,ABRAZ.  TITAN  10-04,64,PZA,0,1.120000004768372
347,ABRAZ.  TITAN  10-20,0,PZA,0,2.799999952316284
348,ABRAZ.  TITAN  10-00.,34,PZA,0,1.120000004768372
351,ACEIT.  XCEL  15W50  SYNTETIC  LITRO,1,PZA,0,153.0
352,FIL.  AIRE  FDP  FA-45  CHEVROLET  APOLA,4,PZA,0,50.0
353,CHICLERA  DE CARB.  TOY.  35,0,PZA,0,5.0
354,CHICLERA DE CARB.  TOY.  145,0,PZA,0,5.0
355,BAT.  HELIAR  90AH.  FX90MD  NEGRA,0,PZA,0,1400.0
356,AGUA  BAT.  DESTIOL,1,PZA,0,8.0
357,ACEIT.  XCEL  15W50  SYNTETIC  GAL.,2,PZA,0,140.0
358,CHICLERA DE CARB.  NISSAN  150,0,PZA,0,8.0
359,CARBON  DE  ARRAN.  FTSX - 138  TOY.,124,PZA,0,19.0
360,CARBON  DE  ALTER.  FTX - 305  TOY.  CORR.,63,PZA,0,12.0
361,CARBON  DE  ARRAN.  FJSX - 8313,33,PZA,0,28.0
362,CARBON  DE  ALTER.  FKX - 315  TOY.  CORR. HONDA,110,PZA,0,12.0
363,CARBON  DE  ALTER.  FMX - 312  NIS.DATS.,17,PZA,0,12.0
364,CARBON  DE  ARRAN.  FYSX - 115 - 116  LAND. CR.,5,PZA,0,28.0
365,CARBON  DE  ARRAN.  JSX - 36  TOY.,2,PZA,0,18.0
366,CARBON  DE  ARRAN.  X28 - 171/173  VOLSW.  UNIV.,68,PZA,0,18.0
367,FIL.  AIRE  FDP  FA-991001  NISS.  TERR.,1,PZA,0,95.0
368,CARBON  DE  GENERADOR  (BX  131/12V),17,PZA,0,13.0
369,CARBON  DE  ARRAN.  FJSX - 8312.,29,PZA,0,33.0
370,CARBON  DE  ARRAN.  FX - 30  FORD.,0,PZA,0,32.0
372,CARBON  DE  ALTER.  RX - 103  FORD.,4,PZA,0,12.0
373,CARBON  DE  ALTER.  RX - 106,7,PZA,0,15.0
374,CARBON  DE  ALTER.  RX - 119,5,PZA,0,13.0
375,CARBON  DE  ARRAN.  4K - VMX - 094,13,PZA,0,17.5
376,CARBON  DE  ARRAN.  FNSX - 124/125,13,PZA,0,17.79999923706055
377,CARBON  DE  ARRAN.  X - 213 / 09,1,PZA,0,33.0
378,ACEIT.  YPFB  15W40   GAL.  GAS.,157,PZA,0,95.0
379,ACEIT.  YPFB  15W40   LITRO  GAS.,116,PZA,0,28.0
380,ACEIT.  YPFB  20W50   LITRO  GAS.,100,PZA,0,27.0
381,ACEIT.  CASTROL  20W50  GAS.  GAL.,74,PZA,0,180.0
382,LA GOTITA 2 ML.,93,PZA,0,8.0
383,POXILINA 38 ML.,61,PZA,0,12.0
384,POXIPOL  METALICO 14 ML.,46,PZA,0,12.0
385,POXIPOL TRANSPARENTE 14 ML.,31,PZA,0,13.0
386,BORNE  NEG. PLOMO  GRAND.,200,PZA,0,10.0
387,BORNE  POS.  PLOMO  GRAND.,148,PZA,0,10.0
388,FUSIBLE DE CUÑA M. 7.5 AMP,92,PZA,0,1.0
389,FUSIBLE DE CUNA MED. 10 AMP,-388,PZA,0,1.0
390,FUSIBLE DE CUNA MED. 15 AMP,-276,PZA,0,1.0
391,FUSIBLE DE CUNA MED. 20 AMP,-351,PZA,0,1.0
392,FUSIBLE DE CUNA M. 20 AMP,0,PZA,0,7.0
393,FUSIBLE DE CUNA MED. 25 AMP,-294,PZA,0,1.0
394,FUSIBLE DE CUNA MED. 30 AMP,-352,PZA,0,1.0
395,FUSIBLE DE CUNA CHI. 7.5 AMP,122,PZA,0,1.0
396,FUSIBLE DE CUNA CHI.10 AMP,130,PZA,0,1.0
397,FUSIBLE DE CUÑA CHI. 15 AMP,21,PZA,0,1.0
398,FUSIBLE DE CUÑA CHI 20 AMP,-10,PZA,0,1.0
399,FUSIBLE DE CUÑA CHI 25 AMP,0,PZA,0,1.0
400,FUSIBLE DE CUÑA CHI 30 AMP,43,PZA,0,1.0
403,FUSIBLE DE VIDRIO 15  AMP,5,PZA,0,1.0
404,FUSIBLE DE VIDRIO 20 AMP,1,PZA,0,1.0
405,FUSIBLE DE VIDRIO 25 AMP,33,PZA,0,1.0
406,FUSIBLE DE VIDRIO 30 AMP,39,PZA,0,1.0
407,FUSIBLE DE POR 8 AMP,-2,PZA,0,1.0
409,FUSIBLE DE POR 16-15 AMP,39,PZA,0,1.0
410,FUSIBLE DE POR 20 AMP,21,PZA,0,1.0
411,FUSIBLE DE POR 25 AMP,38,PZA,0,1.0
412,FUSIBLE DE POR 30 AMP,15,PZA,0,1.0
413,TERM.  ARG.  HEMBRA  CHICO.,46,PZA,0,1.0
414,TERM.  ARG.  HEMBRA  MEDIANO.,3283,PZA,0,1.0
417,TERM.  ARG.  HOJAL 8,110,PZA,0,0.8999999761581421
418,TERM.  ARG.  HOJAL 10.,135,PZA,0,1.200000047683716
419,TERM.  ARG.  HOJAL 13,31,PZA,0,1.200000047683716
420,TERM.  ARG.  HOJAL BAT,12,PZA,0,8.5
421,TERM.  ARG.  RECTO TUBO,122,PZA,0,0.699999988079071
422,TERM.  ARG.  MACHU PLANO,1615,PZA,0,0.699999988079071
423,TERM.  ARG.  DISTRIBUIDOR.,297,PZA,0,1.5
424,TERM.  ARG.  BUJIA   LARGO.,88,PZA,0,1.200000047683716
425,INTERR. JAL.  NEGRO APM 307002,-16,PZA,0,10.0
426,INTERR. JAL.  NEGRO  CORTO. 1 TIEM.,8,PZA,0,10.0
427,INTERR.  HM  LS-202  JAL.  2  TIEMP.  SIN   FUSIBLE.,28,PZA,0,17.0
428,INTERR.  HM  LS-202  JAL.  2  TIEMP.  CON  FUSIPLE.,18,PZA,0,18.0
429,INTERR.  MARILIA  IM 11006  JAL. DE  2,5,PZA,0,39.0
430,INTERR.  MARILIA  IM 11009  JAL.  DE 2. TIEMP.,6,PZA,0,37.0
431,INTERR.  NEG. CON LUZ NARANJA,18,PZA,0,25.0
432,INTERR.  CUADR.  GRANDE  ROJO     4 ºC,20,PZA,0,10.0
435,INTERR.  CUADR.  GRANDE  AZUL     4 C.,9,PZA,0,10.0
437,INTERR.  CUADR.  DOBLE ROJO,9,PZA,0,12.0
438,INTERR.  CUADR.  ROJO DE  2 TIEM.,7,PZA,0,12.0
439,INTERR.  NEG. CON FOCOS ROJO,-2,PZA,0,15.0
440,INTERR.  NEG. CON FOCO  AZUL L.B.,3,PZA,0,15.0
441,INTERR.  NEG.  AZUL  CON PUNTA BLA,7,PZA,0,10.0
442,INTERR.  CUADR.  CHICO  AZUL.,12,PZA,0,8.0
443,INTERR.  CUADR.  CHICO  NARANJA,10,PZA,0,8.0
444,INTERR.  CUADR.  CHICO  VERDE.,14,PZA,0,8.0
445,INTERR.  VENT. APM 308030  UNIV.,8,PZA,0,25.0
446,RELAY   MARELIA  IM 11400 CAMBIADOR,3,PZA,0,58.0
448,LIQ.  HIDRAUL.  TYPE A QUALITY SUPREME,326,PZA,0,22.0
449,SILIC.  SAPOLIO  SPRAY. 227 / 360 ML. TABL.,50,PZA,0,20.0
450,FLASH.   ARG.  DE  3  SAL.,4,PZA,0,25.0
451,PORTA  FUSIBLE  CUNA  NEGRO  CON  CABLE  ROJ.,3,PZA,0,10.0
452,PORTA  FUSIBLE DE ROSCA NEG.,0,PZA,0,7.0
453,SOQUET  DE RELAY  DE  5 PATAS,20,PZA,0,6.0
454,SOQUET  DE  FAROL H4.,-9,PZA,0,6.0
455,SOQUET  DE  FAROL CERAMICA  9004. (TP-CS.9004),500,PZA,0,10.0
456,SOQUET  DE  M. LUZ  RECTO  NEG.,0,PZA,0,6.0
457,SOQUET  DE M. LUZ  NEG  TOY.,312,PZA,0,6.0
458,CINTURON   PLAST.  150 MM. X 3.6 MM.,0,PZA,0,0.699999988079071
459,CINTURON   PLAST.  200MM. X 3.6MM.,0,PZA,0,1.0
460,CINTURON   PLAST. 4.8 X 300,0,PZA,0,1.5
461,CINTURON   PLAST. 500MM. X 7.2MM.,0,PZA,0,2.5
462,BOCI.  ARG. K 121  12V.,1,PZA,0,50.0
463,BOCI.  RETRO   PREMIER- ESPANISH.,4,PZA,0,50.0
464,BOCI.  BOSCH   AHO  501.,0,PZA,0,110.0
465,BOCI.  TFKSC.  KS 721C 12V  HORN.,-1,PZA,0,35.0
466,BOCI.  CORNETA  SFY- 7628C.,0,PZA,0,120.0
467,BOCI. TFKSC. KS-734S 12V.  GUENDO  TFKSC. C/AMAR.,-2,PZA,0,45.0
468,CINTA   AISLANTE 3M.  GRANDE,89,PZA,0,11.0
469,BENDIX   VW.  PASSAT. SANT. 9D 0068.,0,PZA,0,80.0
470,BENDIX   FIAT  VOLCO 9D 0925.,0,PZA,0,111.0
471,BENDIX TOY.  LAND CRUCER  G 9D 0140   (120207),0,PZA,0,105.0
472,BENDIX   CHEVR.  00.20   LUCAS.,1,PZA,0,82.0
473,BENDIX  VOLS.  SEAT 9D-0579.,1,PZA,0,105.0
474,BENDIX   MIT.  SUZUK  0595.,1,PZA,0,90.0
475,BENDIX  VOLS.  PETA  KUMBY 0065.,0,PZA,0,79.0
476,BENDIX   FORD  9D 0053  - 120507.,1,PZA,0,85.0
477,BENDIX  MIT LAMCER 0144,0,PZA,0,85.0
478,CARBON  DE  ARRAN.  FJSX - 8311  MITS.,7,PZA,0,32.0
479,FIL.  ACEIT.  MD 136466 - 136790.,26,PZA,0,30.0
480,AUTOM.  ARR.  KOMBI  ZM 521.,0,PZA,0,165.0
481,AUTOM.  ARR.  MITSU.  ZM 2M698.,4,PZA,0,175.0
482,AUTOM.  ARR.  NISSAN  ZM 710.,6,PZA,0,170.0
483,AUTOM.  ARR.  ISUZU  TROP ZM 717. CON SIG. COMPL.  NIS.,0,PZA,0,155.0
484,AUTOM.  ARR.  NIPPON ZM 708.,0,PZA,0,150.0
485,AUTOM.  ARR.  BOSCH V W ZM 571.,11,PZA,0,160.0
486,AUTOM.  ARR.  V W ZM  515.,0,PZA,0,150.0
487,AUTOM.  ARR.   ZM 703. TOY. ANTG. CON  GANCH.,2,PZA,0,140.0
488,HALOG.  NARVA   H4 12V.  AZUL  60/55W  ESTUCH.  98512.,10,PZA,0,65.0
489,HALOG.  NARVA   H4 12 V.  AZU  100W90   ESTUCHE.  98513.,13,PZA,0,72.0
490,HALOG.  NARVA   H1 12 V.  AZUL  85W.  ESTUCH.,1,PZA,0,59.0
491,HALOG.  NARVA   H7 12 V.  AZUL  ESTUCH.,0,PZA,0,89.0
492,HALOG.  NARVA   9005 12V. 60W.  AZUL  ESTUCH.,0,PZA,0,84.0
493,HALOG.  NARVA   9006 12V   60W.  AZUL  ESTUCH.,0,PZA,0,80.0
494,BORNE CHICO PRON. POS,73,PZA,0,8.0
495,BORNE CHICO BRON. NEG,76,PZA,0,8.0
496,PLAT.  HIBARI -  NIS.  22145-18005V.,2,PZA,0,19.0
497,PLAT.  CENTURY- NIS.  PS- 98V.,-1,PZA,0,25.0
498,PLAT.  CENTURY-MITSU PS-825.,1,PZA,0,25.0
499,PLAT.  CENTURY  TOY PS-197V.  22145-18006.,16,PZA,0,25.0
500,PLAT.  CENTURY  TOY PS 299V.,0,PZA,0,25.0
501,CONDENS.  HIBARI TOY   0.25-SC-158,-32,PZA,0,18.0
502,CONDENS.  HIBARI NIS.  0.25-CND 98,-20,PZA,0,18.0
503,CONDENS.  NEW-ERA 0.25 4NC-74,0,PZA,0,25.0
504,RESIST.  CAJA  ROJA  Y  AMA.,0,PZA,0,18.0
505,TAP.  RAD.  TITAN  TR 27  O.9 LB.,15,PZA,0,45.0
506,TAP.  RAD.  TITAN  TR 41 0.9 LB. MODERNO.,21,PZA,0,48.0
507,RODAM.  INA  F 45853  CANASTILLO.,2,PZA,0,28.0
508,RODAM.  HCH  6201-2RS.,0,PZA,0,16.0
509,RODAM.  HCH  6303 2RS.,7,PZA,0,19.0
510,RODAM.  HCH  6203 2RS.,0,PZA,0,17.0
511,RODAM.  KOYO  6201  2RS.,0,PZA,0,25.0
512,RODAM.  KOYO  6000  2RS.,0,PZA,0,25.0
513,REG.  WASPA 588,0,PZA,0,120.0
514,REG.  WASPA 783 DE 2SAL.,0,PZA,0,120.0
515,REG.  WASPA CON CAR. 307,0,PZA,0,130.0
516,REG.  DE  VOLT.  IKRO  558  CHERK.,0,PZA,0,150.0
517,REG.  DE LADA 591-3702,1,PZA,0,110.0
518,REG.  DE  VOLT.  IKRO  500  CHEVR.,51,PZA,0,38.0
519,INDUC.  DE GENER. 1026.,4,PZA,0,300.0
520,INDUC.  DE ARRA. 1321  SANTANA.,3,PZA,0,260.0
521,INDUC.  BOSCH   CHICO GOLF,0,PZA,0,350.0
522,ACEIT.  XCEL  20W50   GAS  GAL.,91,PZA,0,135.0
523,LIQ.  HIDRAUL.  XCEL  DEXT. III.  H/M   ATF,371,PZA,0,38.0
524,ACEIT.  XCEL  20W50   GAS  LITRO.,192,PZA,0,37.0
525,ACEIT.  XCEL  10W40   GAS.  LITRO.,53,PZA,0,35.0
526,ACEIT.  XCEL  15W40   GAS.  LITRO.,138,PZA,0,37.0
527,CHICLERA DE CARB. TOY  85,-2,PZA,0,5.0
528,CHICLERA DE CARB. TOY 90,4,PZA,0,5.0
529,CHICLERA DE CARB. TOY 95,5,PZA,0,5.0
530,CHICLERA DE CARB. TOY 100,1,PZA,0,5.0
531,CHICLERA DE CARB. TOY 110,3,PZA,0,5.0
532,CHICLERA DE CARB. TOY 115,4,PZA,0,5.0
533,CHICLERA DE CARB. TOY 125,4,PZA,0,5.0
534,CHICLERA DE CARB. TOY 130,5,PZA,0,5.0
535,CHICLERA DE CARB. TOY 135,5,PZA,0,5.0
536,CHICLERA DE CARB. TOY 140,4,PZA,0,5.0
537,CHICLERA DE CARB. TOY 150,5,PZA,0,5.0
538,CHICLERA DE CARB. NISSAN 85,3,PZA,0,5.0
539,CHICLERA DE CARB. NISSAN 90,3,PZA,0,5.0
540,CHICLERA DE CARB. NISSAN 95,-1,PZA,0,5.0
541,CHICLERA DE CARB. NISSAN 100,-1,PZA,0,5.0
542,CHICLERA DE CARB. NISSAN 105,3,PZA,0,5.0
543,CHICLERA DE CARB. NISSAN 110,0,PZA,0,5.0
544,CHICLERA DE CARB. NISSAN 115,2,PZA,0,5.0
545,CHICLERA DE CARB. NISSAN 120,0,PZA,0,5.0
546,CHICLERA DE CARB. NISSAN 125,3,PZA,0,5.0
547,CHICLERA DE CARB. NISSAN 130,4,PZA,0,5.0
548,CHICLERA DE CARB. NISSAN 135,5,PZA,0,5.0
549,CHICLERA DE CARB. NISSAN 140,5,PZA,0,5.0
550,CHICLERA DE CARB. NISSAN 145,4,PZA,0,5.0
551,ALOG.  TAIW.  12V.  H4  AZUL  ESTUC.  NARVA.,47,PZA,0,25.0
552,FIL.  GAS.  MOTOR  TRANSP.  EN  T  ALTO  C.  ROJA.,-15,PZA,0,14.0
553,ALOG.  TAIW.  12V.  H4  AZUL  ESTUC.  ROJO.,-1,PZA,0,22.0
554,CONM.  PASSAT  VOYOGE= USUS-110,-1,PZA,0,33.0
555,BOBI.  BOSCH  ROJA  067.,75,PZA,0,210.0
556,REG.  BOSCH.  12 V.  002  GENERADOR.,1,PZA,0,240.0
557,PORTA   DIODO   BOSCH   DE ALT,0,PZA,0,180.0
558,DIODO  GRANDE   POSITIVO   IK3100,0,PZA,0,12.0
559,DIODO  GRANDE   NEGATIVO  IK-3101,0,PZA,0,12.0
560,BOM.  GAS.  SOM  GIP. SOL.,0,PZA,0,450.0
561,FIL.  ACEIT.  FRAM  PH 3950,3,PZA,0,30.0
563,CABL.  BUJ.  SEIWA  90919-22327  TOY. 4E /4AFE/5AFEC/CUADRADO LARGO,14,PZA,0,200.0
567,FIL.  RED.  AIRE  TOY.  ALTO  17801-11100.,3,PZA,0,38.0
568,BAT.  HELIAR  55 AH.  E  TA55DE.,5,PZA,0,700.0
569,BAT.  HELIAR  55 AH.  D  TA55DD.,6,PZA,0,700.0
570,BAT.  HELIAR  70 AH.  E  F70NE.  BLAN.,1,PZA,0,860.0
571,BAT.  HELIAR  60 AH.  E  F60DE.  BLAN.,-1,PZA,0,780.0
572,BOCI.  ARG.  CARACOL K 122 DT 12V.,-6,PZA,0,72.5
573,BOCI.  ARG. NORMA   (B)  122DT 12  PLANA.  KIT.,0,PZA,0,70.0
574,ACEITE  TAMBOR  RESICLADO 40.,628,PZA,0,20.0
575,ACEITE  TAMBOR  CAJA 85W140.,0,PZA,0,25.0
576,ACEITE  TAMBOR  CAJA  80W90.,15,PZA,0,25.0
577,PONC.  DE  JUNTA  (FB 2151) (PH 98060),0,PZA,0,20.0
578,PONC.  DE  JUNTA  (FB 2063) (PH 166-10),1,PZA,0,25.0
579,PONC.  DE  JUNTA  (ER 1166),2,PZA,0,28.0
580,PONC.  DE  JUNTA  (RB 4149),0,PZA,0,28.0
581,PONC.  DE  JUNTA  (PH 98122),1,PZA,0,25.0
582,PONC.  DE  JUNTA  (RB 4139),0,PZA,0,25.0
583,PONC.  DE  CREM.  (ER 2153),0,PZA,0,25.0
584,PONC.  DE  CREM.  (ER 2152),2,PZA,0,25.0
585,PONC.  DE  CREM. (RB 5147).,2,PZA,0,20.0
586,PONC.  DE  CREM.   RB   5113.,1,PZA,0,17.0
587,MANG.  DE 1/4  6MM.  ARG.  DELG.  RECYLON.,1,PZA,0,6.0
588,MANG.  DE 5/16  8MM.  ARG.,-1,PZA,0,7.0
589,SILICONA  ROJO  ORIG.TYPE 650  VERSACHEM,43,PZA,0,18.0
590,SILICONA  NEGRA  ORIG.TYPE 273 VERSACHEM,112,PZA,0,18.0
591,SILICONA  TRANSP.  ORIG.TYPE 7 VERSACHEM,37,PZA,0,18.0
592,TAP.  RAD.  TITAN  TR 42  16 LB.,8,PZA,0,45.0
593,LIMP.  INYECT.  GUNK  M 4912.  354ML. PLOMO.,2,PZA,0,30.0
594,SILL.  C312   DE  RAD.,0,PZA,0,28.0
595,SILL.  GUNK   DE  RAD.  POLVO + ALUMINIZED 28.3 GR.,9,PZA,0,25.0
596,AFLOJT.  ECOM  550ML  GRANDE  PLOMO.,0,PZA,0,35.0
597,AFLOJT.  ECOM  PEQUEÑO  115P.  110ML. PLOM.,2,PZA,0,22.0
598,LIMP.  INYECT.  SIMONIZ  250ML.  QUALIT.,1,PZA,0,38.0
599,LIMP.  INYECT.  ECOM 102.  280ML.  AZUL.,7,PZA,0,30.0
600,BUJ.  BOSCH   805 FR 78.,0,PZA,0,42.0
601,ANTENA   ELECTR.  AUTO CENTER.,0,PZA,0,180.0
602,FIL.  GAS.  FILGO  PARTS  RECTO  TRAS.  C. ROJA. M/N,-45,PZA,0,10.0
605,LIQ.  HIDRAUL.  CHEVRON   DEXTRON   III,1,PZA,0,45.0
606,FIL.  ACEIT.  FDP.  FH2825,202,PZA,0,20.0
607,FIL.  ACEIT.  FDP.  FH201,172,PZA,0,18.0
608,FIL.  GAS. 16400 - V2700  NIS. CHICO  TAIW. C/BLAN.,-106,PZA,0,40.0
609,ACEIT.  YPFB  15W40   GAL.  DIESEL  PLUS.,147,PZA,0,98.0
610,LLAVE  CRUZ,4,PZA,0,40.0
611,INDUC.  DE MOTOR DE ARR.  PETA 337.,1,PZA,0,330.0
612,FIL.  GAS.  SUMERGIBLE INT. TAIW.,-2,PZA,0,18.0
613,FIL.  AIRE  FUEL FILTER  16546 - V0100-H  NIS.  GRAN.,42,PZA,0,45.0
614,FIL.  RED.  AIRE   NIS.  16546-77A10  ROJO.,1,PZA,0,48.0
615,BOM.  BOSCH  GAS.  454-094.,-1,PZA,0,525.0
616,JUNTA   (TA-01B-02-E) 5A-FE-4A,2,PZA,0,180.0
617,PALANCA DE GUIÑADOR GOLF APM3030073,2,PZA,0,180.0
618,FIL.  NNP  GAS.  23300 -79275  ROS. IGUAL. TAIW.,1,PZA,0,40.0
619,CIGARRERA COMPLETO KS281,33,PZA,0,25.0
620,PONC.  DE  JUNTA  PH  536- 10  -  FB 2119,1,PZA,0,18.0
621,PONC.  DE  JUNTA  PH  537 - 10  FB 2117,1,PZA,0,18.0
622,CILINDR.  DE  EMBRI. CE90/HILUX (24010),1,PZA,0,150.0
623,CILINDR.  DE  EMBR. COROLLA 31410-14030,1,PZA,0,150.0
624,CENTRALIZ.  DE  PUERT.  GENESIS  CIERR.  MOTOR.,0,PZA,0,200.0
625,BAT.  HELIAR  45 AH.  R  TA45BE.,0,PZA,0,450.0
626,BAT.  HELIAR  45 AH.  D  TA45BD.,0,PZA,0,450.0
627,CONM.  PETA BO-412,5,PZA,0,75.0
628,BOBI.  OLIM.  PLATEADA  40039.,0,PZA,0,130.0
629,BOBI.  OLIM.  ROJ.  40 067  NOR.,2,PZA,0,175.0
630,REG.  TOY. HONDA. ISUZU UREC-638,0,PZA,0,159.0
631,MODULO DE ENCENDIDO IM-504 12V,0,PZA,0,180.0
632,REG.  UNIPOINT.  12 V.  YR - 631 TOY. COR.,0,PZA,0,155.0
633,REG.  UNIPOINT.  12 V.  YR - 635  HUNDA.,5,PZA,0,145.0
634,BAT.  PANASONIC  45 AH.  L  TC 55B24 L. NXIOO.,1,PZA,0,618.7999877929688
635,BAT.  PANASONIC  65 AH.  L  TC - 65D26 L.,0,PZA,0,745.6199951171875
636,ROTOR  BOSCH  628   BRASILERO,4,PZA,0,27.0
637,ROTOR  BOSCH   7677 R1,5,PZA,0,27.0
638,LIQ.  HIDRAUL.  ATF   DEXT. III,0,PZA,0,36.0
639,TAP.  RAD.  CENTURY  CER-329. MOD.  CON  PUNTA.,-18,PZA,0,35.0
640,RODAM.  KOYO  6303  2RS.,8,PZA,0,35.0
641,CAMPOS DE GENERADOR BOSCH 9101082097,1,PZA,0,120.0
644,FIL.  AIRE  FRAM  PRAS.  CA 4309  NIS.,0,PZA,0,120.0
645,FIL.  AIRE  AIR  FILTER  17801 - 16020  15X24  TOY.,4,PZA,0,45.0
646,FIL.  CUATR.  AIRE  PQ003  MITHS.,1,PZA,0,70.0
647,FIL.  AIRE  AIR  FILTER  17801 - 64020  TOY.,0,PZA,0,40.0
648,FIL.  AIRE  AIR FILTER  RED.  TOY.  BAJO  17801-15060.,70,PZA,0,40.0
649,TAP.  RAD.  SANKEI  KH - C30  MODERNO.,-7,PZA,0,45.0
650,CHIC.  BOSCH  DE  PETA  ORIG.,0,PZA,0,95.0
651,FIL.  ACEIT.  FRAM  PH 2870 A  USA.,7,PZA,0,30.0
653,ACEIT.  XCEL  85W140   LITRO  GL-5.,256,PZA,0,38.0
654,LIMP.  INYECT.  STP  NEGRO 155ML.,42,PZA,0,35.0
655,OCTANO  STP  155ML.  (NARANJA).,85,PZA,0,35.0
656,FIL.  GAS.  MOTOR  38010  EN  T. ALTO  TAIW.,-6,PZA,0,10.0
658,CINTURON   PLAST.  400MM.X 4.8MM.,0,PZA,0,1.600000023841858
659,CENTRALIZ.  DE  PUERT.  GENIUS  450 PREMIER.,-9,PZA,0,190.0
660,ALARMA   GENIUS  G24D1,0,PZA,0,450.0
661,ALARMA GENIUS G24G,0,PZA,0,250.0
662,BOM.  GAS.  COREANO 120601.,0,PZA,0,150.0
663,BOM.  GAS.  CUADR.  COREANO 151-5.,2,PZA,0,140.0
664,BOM.  GAS.  REP 138,0,PZA,0,140.0
665,BOM.  GAS.  120650.,0,PZA,0,180.0
666,BOM.  GAS.  IN TANK 120698.,0,PZA,0,250.0
667,RELAY   ARG.  3 SAL. RE 155. 12 V.,0,PZA,0,25.0
668,RELAY   ARG.  5 SAL. RE 146. 12 V.,3,PZA,0,25.0
669,PLAQUETAS DE COBRE  CHIC.  CUADRADO,143,PZA,0,7.5
670,BENDIX   05 - 02  VARE  PARA  GOLF.,1,PZA,0,110.0
671,BENDIX  0450  ZEN  MIT.  ANTIG.  200808.,13,PZA,0,95.0
672,BENDIX TOY. COROLLA  0841 - 260608,3,PZA,0,95.0
673,ADIT.  STP  SMOKE  TREATMENT  428ML.,10,PZA,0,28.0
674,FIL.  GAS.  TITAN   RECTO CHICO.,3,PZA,0,10.0
675,CABLE  BUJIA   ARG.  FLEXIBLE  DE   ALAMBRE.,313,PZA,0,11.0
676,LAV.  MOTOR  VISTONY   MOTOR  FLUSH  443 ML.,6,PZA,0,27.0
677,FIL.  ACEIT.  HIGHFIL  FH 2849 A,15,PZA,0,12.0
678,FIL.  ACEIT.  SURI  5288.,14,PZA,0,45.0
679,TRIANGULO   AZUL.  KIT.  2 PAR.,-13,PZA,0,15.0
680,TRIANGULO AMARILLO  GS 3088.  ANCHO.,0,PZA,0,22.0
681,ADIT.  STP   DIESEL  MOTOR  NEGR.  300ML.,36,PZA,0,28.0
682,FIL.  ACEIT.  FDP.  FH3001,64,PZA,0,11.98999977111816
683,FIL.  ACEIT.  FDP.  FH3002,23,PZA,0,20.0
684,FIL.  ACEIT.  FDP.  FH105.,18,PZA,0,15.0
685,FIL.  ACEIT.  FDP.  FH3562,32,PZA,0,18.0
686,FIL.  ACEIT.  FDP.  FH 513  ALTO,20,PZA,0,14.0
687,FIL.  ACEIT.  FDP.  FH2977.,16,PZA,0,21.0
688,FIL.  ACEIT.  FDP.  FH327 BLAN. MIT.,35,PZA,0,40.0
689,GRAS.  AMALIE  AZUL  PLUS  26 OZ.,25,PZA,0,38.70000076293945
690,GRAS.  AMALIE  BLANCA - NEGRA  Nº4,0,PZA,0,31.0
691,GRAS.  AMALIE  PRO TAC  PLUS  JUNTA.,0,PZA,0,43.0
692,ACEIT.  AMALIE  85W140  LITRO.,11,PZA,0,41.0
693,ACEIT.  AMALIE  80W90  LITRO.,0,PZA,0,40.0
694,LIQ.  HIDRAUL.  AMALIE  DEXT.III. LITRO,12,PZA,0,39.0
695,ACEIT.  AMALIE  15W40  GAS.  GAL..,31,PZA,0,140.0
696,ACEIT.  AMALIE  15W40  GAS.  LITRO,23,PZA,0,35.0
697,GRAS.  VISTONY  453  GR. H-3  NARANJ. ROJA,3,PZA,0,28.0
698,BAT.  HELIAR  60 AH.  D  F60DD.  BLAN.,1,PZA,0,780.0
699,FIL.  AIRE  FRAM  PRAS.  CA 5513  GOL.,1,PZA,0,120.0
700,FIL.  AIRE  FRAM  PRAS.  CA 3333  SANT.,1,PZA,0,110.0
701,FOC.  NARVA   CUÑA  12V. 1 CONT.  GRAND. PLAST.,10,PZA,0,15.0
702,FLASH.  MARELIA  ELECTR.  IM 11430.,12,PZA,0,35.0
703,BENDIX   VW   PASAT  0323.,2,PZA,0,88.0
704,BENDIX  NISSAN  MEXICANO 9D 0701,2,PZA,0,130.0
705,BOM.  GAS  ELECTRC.  RECTA TAIW  HEP-02A.,1,PZA,0,150.0
706,FIL.  AIRE  AIR  FILTER  17801 - 15070  MED. TOY.  27X17.,183,PZA,0,49.0
707,HALOG.  NARVA   H3 12 V.  55W.  AZUL  ESTUCH.,9,PZA,0,51.0
709,ACEIT.  AMALIE  20W50   GAS.  LITRO,-1,PZA,0,38.0
710,INTERR.  DE  PIE  LUZ  ALTA BAJA  TAIW.,-3,PZA,0,18.0
711,ALTER.  BOSCH  PETA,0,PZA,0,1670.0
712,BAT.  TOYO   65 AH. R  NS70 R,5,PZA,0,725.0
713,MANG.  DE  3/8  ARG.,0,PZA,0,7.0
714,FIL.  GAS.  XDF-001  23300-79025.,0,PZA,0,40.0
715,FIL.  GAS.  RAV - 4 CHICO   SW604437-7.  NOVA.,3,PZA,0,40.0
716,MANG.  MLLU  NEGR.  GOMA  8.0 5X13    5/16.,50,PZA,0,13.0
717,ACEIT.  YPFB  20W50   BAL.  DIESEL.,10,PZA,0,410.0
718,BAT.  HELIAR  45 AH.  E  F45BE.  BLAN.,0,PZA,0,450.0
719,BAT.  HELIAR  90 AH.  E  F90LE.  NOR.  JAPON.,1,PZA,0,913.5
720,ACEIT.  XCEL  80W90     GAL.    GL-5.,25,PZA,0,142.8000030517578
722,CORR.  GOOD  YEAR  A 31,3,PZA,0,31.93000030517578
723,CORR.  GOOD  YEAR  A 32,4,PZA,0,46.0
724,CORR.  GOOD  YEAR  A 33,0,PZA,0,47.0
725,CORR.  GOOD  YEAR  A 34,0,PZA,0,48.0
726,CORR.  GOOD  YEAR  A 35,0,PZA,0,48.0
727,CORR.  GOOD  YEAR  A 36,0,PZA,0,49.0
728,CORR.  GOOD  YEAR  A 38,0,PZA,0,50.0
729,CORR.  GOOD  YEAR  A 39,0,PZA,0,51.0
730,CORR.  GOOD  YEAR  A 40,0,PZA,0,34.47000122070312
731,CORR.  GOOD  YEAR  A 41,6,PZA,0,52.0
732,CORR.  GOOD  YEAR  A 42,1,PZA,0,35.52999877929688
733,CORR.  GOOD  YEAR  A 37,0,PZA,0,50.0
734,CORR.  GOOD  YEAR  A 43,0,PZA,0,35.52999877929688
735,CORR.  GOOD  YEAR  A 44,1,PZA,0,36.15999984741211
736,CORR.  GOOD  YEAR  A 45,3,PZA,0,54.0
737,CORR.  GOOD  YEAR  A46,1,PZA,0,36.36999893188477
738,CORR.  GOOD  YEAR  A 47,2,PZA,0,37.22000122070312
739,CORR.  GOOD  YEAR  A 48,7,PZA,0,37.77999877929688
740,CORR.  GOOD  YEAR  A 49,2,PZA,0,38.4900016784668
741,CORR.  GOOD  YEAR  A 50,5,PZA,0,58.0
742,CORR.  GOOD  YEAR  7PK  2465.,4,PZA,0,38.70000076293945
743,CORR.  GOOD  YEAR  A 53.,2,PZA,0,39.06000137329102
744,CORR.  GOOD  YEAR  A 63,3,PZA,0,39.0
745,CORR.  GOOD  YEAR  A56,5,PZA,0,39.97000122070312
746,CORR.  GOOD  YEAR  A 57,4,PZA,0,42.0099983215332
747,CORR.  GOOD  YEAR  A 59,5,PZA,0,42.0099983215332
748,CORR.  GOOD  YEAR  A 60,4,PZA,0,42.0099983215332
749,CORR.  GOOD  YEAR  A 61,6,PZA,0,43.90000152587891
750,CORR.  GOOD  YEAR  A 62,5,PZA,0,43.4900016784668
751,CORR.  GOOD  YEAR  A64,5,PZA,0,43.70999908447266
752,CORR.  GOOD  YEAR  A 65,5,PZA,0,44.20000076293945
753,CORR.  GOOD  YEAR  A 72,1,PZA,0,47.65000152587891
754,CORR.  GOOD  YEAR  5PK  1345.,1,PZA,0,55.83000183105469
755,CORR.  GOOD  YEAR  A 58.,4,PZA,0,63.0
757,CORR.  GOOD  YEAR  A51,4,PZA,0,59.0
758,CORR.  GOOD  YEAR  A52,5,PZA,0,60.27000045776367
759,CORR.  GOOD  YEAR  A 54,1,PZA,0,62.04000091552734
760,FIL.  AIRE  AIR  FILTER  17801 - 74020  TOY  GR.  EPSUN.,316,PZA,0,40.0
761,BOCI.  BOSCH  ROJO CARACOL  AHO  506.,0,PZA,0,150.0
762,BOCI.  BOSCH  NEGRA 0986  AHO  003-770.,0,PZA,0,140.0
763,CORR.  GOOD  YEAR  4PK  865,1,PZA,0,29.65999984741211
764,ACEIT.  AMALIE  10 W 40  GAS.  LITRO,1,PZA,0,37.0
765,CORR.  GOOD  YEAR  A 30,3,PZA,0,45.0
766,GRAS.  VISTONY  453 GR.  CELES.  C.  AZUL.,1,PZA,0,28.0
768,CORR.  GOOD  YEAR  10AV  650.,1,PZA,0,24.0
772,BAT.  PANASONIC  150 AH. TC-145G51H.,0,PZA,0,1850.0
773,CORR.  GOOD  YEAR  10AV  1030.,1,PZA,0,38.0
776,CORR.  GOOD  YEAR  10AV  1050.,1,PZA,0,39.0
779,CORR.  GOOD  YEAR  10AV  1070.,1,PZA,0,40.0
780,CORR.  GOOD  YEAR  10AV  1075.,1,PZA,0,40.0
783,CORR.  GOOD  YEAR  10AV  1095.,1,PZA,0,40.0
784,CORR.  GOOD  YEAR  10AV  1100.,1,PZA,0,40.0
789,FUSIBLE  ORIG.  CUÑA  M.  10 AH.,127,PZA,0,2.0
792,CORR.  GOOD  YEAR  10AV  1200.,1,PZA,0,43.0
793,CORR.  GOOD  YEAR  10AV  1210.,1,PZA,0,43.0
794,CORR.  GOOD  YEAR  10AV  1220.,1,PZA,0,44.0
797,MANG.  TRENZADA  GY 3/16 MATRAP 031,0,PZA,0,20.0
798,MANG.  TRENZADA  GY 1/4  MATRAP 041,10,PZA,0,14.0
799,MANG.  TRENZADA  GY 5/16  MATRAP 051,0,PZA,0,22.0
800,MANG.  TRENZADA  GY 3/8  MATRAP 061,9,PZA,0,23.0
801,CORR.  GOOD  YEAR  3PK  630.,2,PZA,0,30.0
802,CORR.  GOOD  YEAR  3PK  635.,1,PZA,0,30.0
803,CORR.  GOOD  YEAR  3PK  765.,2,PZA,0,21.0
804,CORR.  GOOD  YEAR  4PK  800.,4,PZA,0,45.0
805,CORR.  GOOD  YEAR  4PK  805,1,PZA,0,29.0
806,CORR.  GOOD  YEAR  4PK  810.,2,PZA,0,45.0
807,CORR.  GOOD  YEAR  4PK  815.,0,PZA,0,45.0
808,CORR.  GOOD  YEAR  4PK  820,3,PZA,0,48.0
809,CORR.  GOOD  YEAR  4PK  900,1,PZA,0,29.6299991607666
810,CORR.  GOOD  YEAR  5PK  965.,2,PZA,0,58.0
811,CORR.  GOOD  YEAR  4PK  840.,4,PZA,0,48.0
812,CORR.  GOOD  YEAR  4PK  880.,1,PZA,0,32.0
813,CORR.  GOOD  YEAR  4PK  825.,2,PZA,0,50.0
814,CORR.  GOOD  YEAR  4PK  980.,1,PZA,0,32.15000152587891
815,CORR.  GOOD  YEAR  4PK  990.,1,PZA,0,32.15000152587891
816,CORR.  GOOD  YEAR  5PK   825,1,PZA,0,34.47000122070312
817,CORR.  GOOD  YEAR  5PK   830.,2,PZA,0,35.0
818,FUSIBLE  ORIG.  CUÑA  M.  20  AH.,82,PZA,0,2.0
819,CORR.  GOOD  YEAR  5PK   865.,1,PZA,0,56.0
821,CORR.  GOOD  YEAR  5PK  1010.,3,PZA,0,39.0
822,CORR.  GOOD  YEAR  5PK  1015.,3,PZA,0,44.0
823,CORR.  GOOD  YEAR  5PK  1210.,1,PZA,0,39.0
824,FUSIBLE  ORIG.  CUÑA  M.  25  AH.,61,PZA,0,2.0
825,CORR.  GOOD  YEAR  5PK   824.,0,PZA,0,55.0
826,CORR.  GOOD  YEAR  A 55.,1,PZA,0,62.0
827,CORR.  GOOD  YEAR  6PK  2075.,3,PZA,0,84.5199966430664
828,CORR.  GOOD  YEAR  6PK  2200.,1,PZA,0,87.41999816894531
829,CORR.  GOOD  YEAR  6PK  2215.,3,PZA,0,88.47000122070312
830,CORR.  GOOD  YEAR  6PK  2240.,1,PZA,0,88.47000122070312
831,CORR.  GOOD  YEAR  6PK  2325.,1,PZA,0,92.30000305175781
832,CORR.  GOOD  YEAR  6PK  2435,3,PZA,0,98.7699966430664
833,CORR.  GOOD  YEAR  6PK  2455.,3,PZA,0,99.0
834,CORR.  GOOD  YEAR  6PK  2465.,1,PZA,0,103.0
835,CORR.  GOOD  YEAR  7PK  2265.,3,PZA,0,156.0
836,CORR.  GOOD  YEAR  7PK  2285,2,PZA,0,158.0
837,CORR.  GOOD  YEAR  7PK  2565.,0,PZA,0,170.0
838,ACEIT.  XCEL  10W40   SYNTETIC.  GAL.,10,PZA,0,145.0
839,ACEIT.  XCEL  10W40   SYNTETIC.  LITRO.,63,PZA,0,37.5
840,INTERR.  MARILIE  IM 11011  JAL.  DE 1.,0,PZA,0,28.5
841,INTERR.  MARILIA  IM 11036  BOC. BLAN.,16,PZA,0,17.0
842,INDUC.  M.  ARR.   WOLS.  COR  001594   SANT.,1,PZA,0,280.0
843,FIL.  AIRE  FDP   FA -15.,5,PZA,0,3.5
844,FIL.  AIRE  FDP   FA-3358    NIS.  CARABANY.,9,PZA,0,50.0
845,FIL.  AIRE  FDP  FA-3191  X  VOLWS.  PETA.,0,PZA,0,1.899999976158142
846,FIL.  AIRE  FDP  FA-216   MIT.,6,PZA,0,60.0
847,FIL.  AIRE  FDP  FA-216 M  MIT. METAL.,1,PZA,0,5.0
848,FIL.  AIRE  FDP  FA-3117  VOLWS.  BARIAN.,7,PZA,0,4.289999961853027
849,FIL.  AIRE  FDP  FA-112  LADA  NEVA.,3,PZA,0,4.289999961853027
850,FIL.  AIRE  FDP  FA-110  TOY.  NIS.,14,PZA,0,40.0
851,FIL.  AIRE  FDP   FA-3193 X   FOR ESCOORT.,5,PZA,0,45.0
852,FIL.  AIRE  FDP  FA-202  ZUSUKI.,2,PZA,0,4.139999866485596
853,FIL.  AIRE  FDP  FA-151  TOY. COROLLA  STARLET.,3,PZA,0,50.0
854,FIL.  AIRE  FDP  FA-94   TOY.  KARINA.,1,PZA,0,50.0
855,FIL.  AIRE  FDP  FA-124  TOY.  CORONA.,0,PZA,0,4.599999904632568
856,FAROL   AUTOPAL  CAMBIABLE REDONDO 178ML. H4 P43T.,0,PZA,0,39.0
857,"FAROL   AUTOPAL  CAMBIABLE   RECTANGULAR , H4 P43T.",-2,PZA,0,50.0
858,CHAP.  PUERT.  SEGUR.  FORM.  DE 4 CHAP.,0,PZA,0,80.0
859,CHAP.  PUERT.  SUGUR.  FORM.  DE 3 CHAP.,0,PZA,0,75.0
860,FIL.  ACEIT.  FRAM  PH4967A  PRAS.,-1,PZA,0,30.0
861,FAROL  DE  PETA   CAMBIABLE  HL-105 G1.,0,PZA,0,80.0
862,BORNE  BRONCE GRANDE (+),217,PZA,0,8.0
863,BORNE  BRONCE GRANDE (-),96,PZA,0,8.0
864,ACEITE  TAMBOR   YPFB   HIDRAULICO 68.,-15,PZA,0,25.0
865,GRAS. YPFB LUBRICANTES EN BALDE MULTILEX  Nº 3,0,PZA,0,410.0
866,FIL.  ACEIT.  HIGHFIL  FH49A,14,PZA,0,40.0
867,FIL.  ACEIT.  HIGHFIL  FH 2801 B.,51,PZA,0,55.0
868,FIL.  ACEIT.  OIL FILTER  14201-Z9009  NIS. COND.,7,PZA,0,38.0
869,FIL.  HIGHFIL  COMB. 16403-99011.,29,PZA,0,45.0
870,FIL.  HIGHFIL  COMB.  F 7617 A  VOLVO.,-44,PZA,0,30.0
871,FIL.  FDP   COMB.  PH4170. R,47,PZA,0,28.0
872,BAT.  HELIAR 150 AH. D  FR150TD.,0,PZA,0,1255.0
874,FIL.  GAS. 23300 -19295   CON  ABRAZ. TOY. TAIW.,-1,PZA,0,40.0
875,FIL.  GAS.  MOTOR  PARTS  T  LOBO  ALTO  C.  ROJA.,408,PZA,0,10.0
876,FIL.  GAS. 16400 - V2700  NIS. GRAN.  AMAR. TAIW.,-1,PZA,0,35.0
877,FIL.  GAS. EN  L. MIT. BLANC.  CHICO TAIW.,4,PZA,0,10.0
878,FIL.  GAS. EN  L. MIT. BLANC. GRAND. TAIW.,1,PZA,0,10.0
879,FIL.  HIBARI  GAS. 16400-25900   MIT.  U  ABIER.,14,PZA,0,15.0
880,FIL.  BOSCH  GAS.  450-231  NEG GRAN  VOLWS.,1,PZA,0,70.0
881,CABLE  AZUL  Nº 14. ARG.,247,PZA,0,2.25
882,CABLE  NEGRO  Nº  16  ARG.,985,PZA,0,2.0
883,CABLE  ROJO  Nº  18  ARG.,0,PZA,0,1.799999952316284
884,TAP.  RAD.  TITAN  TSP 29  .13 LB.,0,PZA,0,35.0
885,TAP.  RAD.  TIITAN  TR 29  13 LB.,0,PZA,0,35.0
886,ACEITE  TAMBOR  YPFB ORIGINAL SEA-40,0,PZA,0,21.0
887,ACEIT.  YPFB  15W40   BAL.  DIESEL  TURBO.,7,PZA,0,490.0
888,ACEIT.  YPFB  40   BAL.  DIESEL.,6,PZA,0,360.0
889,FIL.  ACEIT.  ME 074013 . NIS. COND. MOD.  FUSO.,13,PZA,0,90.0
890,FOCO  TAIW.  24 V.  2 CONT.  32/4 NARVA.,22,PZA,0,1.5
891,FOCO  TAIW.  24 V.  1 CONT.  NARVA.,19,PZA,0,1.5
892,FOCO  TAIW.  24 V.  MEDIA  LUZ  AMPLL.,20,PZA,0,1.5
893,CARBON  DE  ARRAN.  BSX - 161/162C.  GOLF.,4,PZA,0,35.0
894,RENOV.  VISTONY  LLANTAS .,1,PZA,0,25.0
895,GRAS.  VISTONY  225  GR.  H3  NARANJ. ROJO,0,PZA,0,19.0
896,LIMP.  TAPIZ   SAPOLIO  CON  GAT.  670ML.,2,PZA,0,25.0
897,LIMP.  TAPIZ   THEM   LIQUIDA.,2,PZA,0,15.0
898,CERA   THEAM  LIQ.  250ML.,3,PZA,0,15.0
899,CERA   THEAM  CREMA  300GR.,0,PZA,0,18.0
900,SILIC.  VISTONY  356 ML. SPRAY. TAPA  ROJA. TABL.,0,PZA,0,25.0
901,CARBON  DE  ARRAN.  HISX - 8126  NIS. PAHIF.,7,PZA,0,35.0
902,CARBON  DE  ARRAN.  BSX - 43  LAND GRUES,1,PZA,0,23.0
903,CARBON  DE  ARRAN.  FTSX - 128 - 24V.  NIS.  CON.,-1,PZA,0,35.0
904,FIL.  ACEIT.  OIL FILTER  90915-10002  TOY.,7,PZA,0,25.0
905,LIQ.  PARABR.  DE  VIDRIO SAPOLIO  900ML,2,PZA,0,18.0
906,ALARMA GENIUS METALICA G23,0,PZA,0,450.0
907,FIL.  ACEIT.  FDP.  FH140.,50,PZA,0,19.0
908,FIL.  ACEIT.  FDP.  FH14.,40,PZA,0,19.0
909,SILIC.  STP  CON GATILL. 473ML TABL.,50,PZA,0,33.0
911,ACEITE  TAMBOR  CORONA   VISTONY 250.,0,PZA,0,30.0
913,FIL.  ACEIT.  FDP.  FH513A   BAJO.,35,PZA,0,25.0
914,FIL.  AIRE  FDP  FA-466   VOLVO  F12 EMP 879,5,PZA,0,300.0
915,FIL.  AIRE  FDP  FA-468   VOLVO F12 EMP 880,1,PZA,0,160.0
916,FIL.  AIRE  FDP  FA-602   VOLVO  F7  EMP 535,3,PZA,0,235.0
917,FIL.  AIRE  FDP  FA-  PLANO REDONDO,2,PZA,0,115.0
918,FIL.  AIRE  FDP  FA-152   TOY.HILUX  EMP 237,9,PZA,0,65.0
919,FIL.  AIRE  FDP  FA-214  TOY.  EMP 705.,5,PZA,0,75.0
920,FIL.  AIRE  FDP   FA-2975  TOY  COASTER   837.,2,PZA,0,57.0
921,FIL.  AIRE  FDP  FA-2Z06  NIS. TERRANO  EMP 70.,3,PZA,0,48.0
922,FIL.  AIRE  FDP  FA-2Y07   NIS. TERRANO  70,1,PZA,0,90.0
923,FIL.  AIRE  FDP  FA-578   TOY.  HILUX.,1,PZA,0,96.0
924,FIL.  AIRE  FDP  FA-252  MAZDA EMP 1141.,1,PZA,0,90.0
925,FIL.  AIRE  FDP  FA-2365  ZUBARU EMP  745,2,PZA,0,66.0
926,FIL.  AIRE  FDP  FA-670  TOY.   EMP 745.,1,PZA,0,135.0
927,FIL.  AIRE  FDP  FA-240  TOY  EMP 939.,7,PZA,0,75.0
928,FIL.  AIRE  FDP   FA-212 TOY. LAM CRUSER.,4,PZA,0,116.0
929,FIL.  AIRE  FDP   FA -274  NIS.  PATROL.,1,PZA,0,120.0
930,FIL.  AIRE  FDP  FA-1676  PLANO  34X18,1,PZA,0,90.0
931,FIL.  AIRE  FDP  FA -1149  BRASILIA,1,PZA,0,60.0
932,FIL.  AIRE  FDP  FA-3130  VOLWS.,24,PZA,0,23.0
933,FIL.  AIRE  FDP  FA-226  VOLWS.,2,PZA,0,35.0
934,FIL.  AIRE  FDP  FA-206  NIS.  SUNY,7,PZA,0,35.0
935,FIL.  AIRE  FDP  FA-258  NIS.  ZUBARU.,3,PZA,0,33.0
936,FIL.  AIRE  FDP  FA-178  TOY.  HILUX.,5,PZA,0,36.0
937,FIL.  AIRE  FDP  FA-1133  VOLWS. SANTANA.,1,PZA,0,48.0
938,FIL.  AIRE  FDP  FA-3398  TOYO.  CORROLL.,19,PZA,0,40.0
939,FIL.  AIRE  FDP   FA27  PETA.,7,PZA,0,25.0
940,FIL.  AIRE  FDP  FA-238  TOY HIACE.,141,PZA,0,70.0
941,FIL.  AIRE  FDP  FA-224  NIS.  URVAN.,52,PZA,0,70.0
942,FIL.  AIRE  FDP  FA-4282  NIS.  VANETTE.,62,PZA,0,55.0
943,FIL.  AIRE  SURE  TECH.,-8,PZA,0,80.0
944,FIL.  AIRE  FRAM  PRAS.  NIS. CONDOR.,0,PZA,0,280.0
945,AMPERI.  12V  BLANCO REINSA  B-60,0,PZA,0,37.0
946,AMPERI.  REINSA  12V  NEGRO  60 AMP.,17,PZA,0,37.0
947,AMPERI.  TAIWAN  12V  PRECISION.,3,PZA,0,25.0
948,MODULO DE IGNICAO   GA2906  GAUSS,2,PZA,0,130.0
949,REG.  DE  VOLT.  IKRO  585  2  CABLES,82,PZA,0,55.0
950,REG.  UNIPOINT.  12 V.  YR - 814  CHEVROL.,5,PZA,0,30.0
951,REG.  GAUSS. 24 V.  GA 236  CON 2 CABLES.,4,PZA,0,65.0
952,BUL.  FRENO  CON  2  CABLES  CAJA  VERDE  Y BLANCO  JK204,-10,PZA,0,25.0
953,BUL.  RETRO TAIW. 55B  353  HM  TOY.  C  ROS.  NEG.,21,PZA,0,25.0
954,BUL.  RETRO  GRANDE TOY CAJA BLAN.,51,PZA,0,28.0
955,CONDENS.  CINTURY  CND-98  NIS.  22102-00801.,7,PZA,0,18.0
956,PLAT.  CENTURY  NISSAN  PS-411-V.,21,PZA,0,19.0
957,CONDENS.  CINRUTY   TOY-204.,3,PZA,0,18.0
958,PLAT.  HIBARI  TOY  SD-  102V.,-1,PZA,0,16.0
959,CABLE  VERDE AGUA  Nº 14  ARG.,165,PZA,0,2.0
960,CABLE  ROJO  Nº  16  ARG.,643,PZA,0,2.0
961,CABLE  VERDE AGUA  Nº 16  ARG.,560,PZA,0,1.899999976158142
962,CABLE  AMARI.  Nº 16  ARG.,375,PZA,0,2.0
963,CABLE  NEGRO  Nº 18,0,PZA,0,2.0
964,CABLE  AZUL  Nº 18  ARG.,8,PZA,0,1.399999976158142
965,CABLE  VERDE AGUA  Nº 18  ARG.,7,PZA,0,1.399999976158142
966,CABLE  AMARI.  Nº 18  ARG.,150,PZA,0,1.799999952316284
967,CABLE  ROJO  Nº   8  ARG.,100,PZA,0,6.5
968,CABLE  NEGRO  Nº  10  ARG.,111,PZA,0,6.0
969,CABLE  ROJO CON  VIVO  BLANCO  Nº14,0,PZA,0,1.700000047683716
970,CABLE  AZUL  Nº 16  ARG.,577,PZA,0,1.5
971,FLASH.  MARELIA  IM 11420   (VERDE),73,PZA,0,19.0
972,INTERR.  CUADR.  GRANDE VERDE    4  ºC,9,PZA,0,10.0
973,INTERR.  CUADR.  GRANDE NEGRO   4 ºC,2,PZA,0,10.0
974,INTERR.  CUADR.  GRANDE NARANJ. 4 C.,11,PZA,0,10.0
975,INTERR.  CUADR.  ROJO  CON LUZ MEDIA.,10,PZA,0,9.0
976,INTERR.  NEG. DE 2 S T.  DE 3 CONTACTOS,9,PZA,0,25.0
977,"INTERR.  NEG. DE 2 T,  DE 4 CONTACT  CON  LUZ.",11,PZA,0,20.0
978,INTERR.  NEG.  REDONDO DE 2 CONTACTOS,8,PZA,0,8.0
979,INTERR.   PARQUE  TAIW.  APM  308023.,14,PZA,0,25.0
980,FUSIBLE  ORIG.  CUÑA  M.  15  AH.,141,PZA,0,2.0
981,INTERR.  NEG.  CON FOCO  Y  LOGO DE  ALOGENO INTERMEDIO,9,PZA,0,19.0
982,INTERR. DE PALANCA DE 3  OFF-ON,4,PZA,0,12.0
983,INTERR.  3C.  OFF - ON  250V.  NEG. VERDE .NEG.,11,PZA,0,10.0
984,INTERR.  3C.  OFF - ON  250V.  NEG.  NARANJ.,9,PZA,0,7.0
985,INTERR.  3C.  OFF - ON  250V.   NEG.  AZUL.,7,PZA,0,7.0
986,INTERR.  3C.  OFF - ON  250V. NEG.  ROJO.,7,PZA,0,10.0
987,INTERR.  3C.  OFF - ON  250V.  NEG.,5,PZA,0,7.0
988,INTERR.  3C.  OFF - ON  250V.  BLANCO Y ROJO.,11,PZA,0,7.0
989,GRAS.  GOLDEN  900 GRA.  RODAM.,6,PZA,0,43.0
990,AMBIEN.  VAINILLA  PREDE.,0,PZA,0,5.0
991,AMBIEN.  NEW CAR   SCANT.,0,PZA,0,5.0
992,AMBIEN.  COCONUT.,0,PZA,0,5.0
993,AMBIEN.  ROYAL PINC.,0,PZA,0,5.0
994,ACEIT.  XCEL  15W40   DIESEL   GAL.  AMAR.,25,PZA,0,145.0
995,ACEIT.  XCEL  15W40   DIESEL  LITR.  AMAR.,7,PZA,0,37.0
996,CORR.  MITSUBOSHI  13X1000   A 39,3,PZA,0,30.0
997,FIL.  COMBUS.  MB220900  NEGRO  MITSU. DELICA,22,PZA,0,40.0
998,AMBIEN.  YERY.,0,PZA,0,5.0
999,CORR.  MITSUBOSHI  13X1041  A 41,0,PZA,0,30.0
1000,AMBIEN.  LEATHER.,0,PZA,0,5.0
1001,AMBIEN.  ROSE MUSK.,0,PZA,0,5.0
1002,AMBIEN.  SPICE.,0,PZA,0,5.0
1003,AMBIEN.  CINNAMON  APPLE.,0,PZA,0,5.0
1004,FIL.  AIRE  FILGO  17801-54040  NIS.,10,PZA,0,55.0
1005,CARBON  DE  ARRAN.  FTSX - 104  TOY.,61,PZA,0,17.0
1006,CARBON  DE  ARRAN.  RX - 60  CHEVROL.,16,PZA,0,14.0
1007,PLANETARIO  ZLG  4420,1,PZA,0,45.0
1008,INTERR. DESEMPEÑADOR CON FOCO AMARILLO 2 T,2,PZA,0,20.0
1009,SILIC.  VISTONY  120 ML.  WHITE  CHICO. TABL.,16,PZA,0,16.0
1010,ACEIT.  XCEL  30  GAS    LITRO.,32,PZA,0,30.0
1011,CINTA   AISLANTE  NEGRO  3M   10YD CHCO,14,PZA,0,7.0
1012,"PLAT.  VENTIL , DODGE D-400 D700- D100 DART C/DISTR. WAPSA",0,PZA,0,23.0
1013,"PLAT.  VENTIL, CHEV.  (TODOS)  C10- C1 6 CIL.",0,PZA,0,18.0
1014,PLAT.  VENTILADO  FORD  6/8 CIL.,0,PZA,0,18.0
1015,TAPA   DISTR.  OLIMP.   DODGE 8 CIL. D400.  20 555.,28,PZA,0,45.0
1016,ACEIT.  YPFB  2 TIEM.  LITRO  LUB  2.,0,PZA,0,28.0
1017,LIQ.  HIDRAUL.  YPFB  BALDE  68.,6,PZA,0,450.0
1018,ACEIT.  XCEL  40  GAS.  GAL.,15,PZA,0,120.0
1019,BUJ.  UXF 79,12,PZA,0,35.0
1020,GRAS.  GOLDEN  250 GRA.  JUNTA  GRAFIT.,29,PZA,0,19.0
1022,CARBON  DE  ARRAN.  LASX - 40/41  LUCAS,7,PZA,0,28.0
1023,CARBON  DE  ARRAN.  LASX - 43/44  FORD.,8,PZA,0,32.0
1024,"BUL.  ACEIT.  BRAS. KOMBI,GOL=IPOL-1000  OL-13011",0,PZA,0,27.0
1025,REG.  UNIPOINT.  12 V.  UYR - 579  MITHS.,3,PZA,0,125.0
1026,ADIT.  CYCLO  C-92  443 ML.  AZUL  GRANDE.,147,PZA,0,22.0
1027,BOCI.  CORNETA.,2,PZA,0,105.0
1028,AMBIEN.  CHICO EN  SPRAIY.,0,PZA,0,14.0
1029,PONC.  AMORTG.  CHICO.,2,PZA,0,20.0
1030,PONC.  AMORTG.  MED.  CON SOPORTE GRUESO.,0,PZA,0,20.0
1031,PONC.  AMORTG.  GRANDE.,-1,PZA,0,20.0
1032,CABLE  AZUL CON  VIVO  BLANCO  Nº 16,49,PZA,0,1.799999952316284
1033,BAT.  PANASONIC  75 AH.  R  TC-75DR,0,PZA,0,850.0
1034,BAT.  BOSCH  S5  60 AH. D  PRAS.  PLOMO.,0,PZA,0,650.0
1035,ANTENA  ELECTR.,0,PZA,0,18.0
1036,TAPA SOL,2,PZA,0,17.0
1037,ANTENA  DE  PETA,0,PZA,0,18.0
1038,BAT.  BOSCH  S5  60 AH. E  PRAS.  PLOMO.,0,PZA,0,650.0
1039,BAT.  BOSCH  S5  45 AH. E  BAJA  PRAS.,0,PZA,0,595.0
1041,BAT.  BOSCH  S5  70 E  70 AH. E  PRAS.,4,PZA,0,785.0
1052,BAT.  BOSCH  S5  45 AH. D  BAJA  PRAS.,0,PZA,0,595.0
1053,BAT.  BOSCH  S5  50 AH. D  NOR.  JAPON.  45 AH.,-4,PZA,0,600.0
1054,BAT.  BOSCH  S5  50 AH. E  NOR.  JAPON.  45 AH.,0,PZA,0,600.0
1059,LIQ.  HIDRAUL.  CHEVRON   V  ATF,0,PZA,0,58.0
1060,LIQ.  HIDRAUL.  CHEVRON   VI  ATF,0,PZA,0,73.0
1061,GRAS.  OPTIMUS  JUNTA  450 GRA.,5,PZA,0,28.0
1062,GRAS.  OPTIMUS  ROD. 450 GR.  T. VERDE.,5,PZA,0,25.0
1063,ANTIC.  VISTON.  GAL.  VERDE  OXIDAN.,0,PZA,0,59.0
1064,BAT.  TOYO   45 AH. L  NS60 L.,2,PZA,0,545.0
1065,BAT.  TOYO   60 AH.  R  N50ZR.,5,PZA,0,655.0
1066,BAT.  TOYO   65 AH. L  NS70 L.,3,PZA,0,725.0
1067,BAT.  TOYO   70 AH.   N70. R,6,PZA,0,760.0
1068,BAT.  TOYO   70 AH. L  N70 L.,4,PZA,0,760.0
1069,BAT.  TOYO   BT54  R.  54 AH.,11,PZA,0,560.0
1070,BAT.  TOYO   BT54  L.  54 AH.,14,PZA,0,560.0
1071,CABLE   MOVIL   ROJO   Nº   14,0,PZA,0,1.799999952316284
1072,CABLE   MOVIL   NEGRO   Nº   14,0,PZA,0,1.799999952316284
1073,CABLE   MOVIL   AMARILLO   Nº  16,-17,PZA,0,1.700000047683716
1074,CABLE   MOVIL   VERTE   Nº   16,0,PZA,0,1.700000047683716
1075,CABLE   MOVIL   AZUL   Nº   18,0,PZA,0,1.5
1076,CABLE   MOVIL   NEGRO   Nº   16  ARG.,200,PZA,0,1.5
1077,GRAS.  GOLDEN  450 GRA.  BAT 3000  RODAM.,25,PZA,0,30.0
1078,GRAS.  GOLDEN  250 GRA.  BAT 3000.  RODAM.,70,PZA,0,25.0
1079,ANTIC.  PRESTIGE   GAL.   CONCTR. PG 28 CC,24,PZA,0,120.0
1080,ANTIC.  PRESTIGE   LITRO   CONCENTRA.   PG-28A,114,PZA,0,38.0
1081,CORREA   TOYOTA   A   63,2,PZA,0,38.0
1082,CORREA   TOYOTA   A   64,2,PZA,0,40.0
1083,CORREA   TOYOTA   3   PK   630,0,PZA,0,23.0
1084,CORREA   TOYOTA   3   PK   635,0,PZA,0,23.0
1085,CORREA   TOYOTA   4   PK   800,0,PZA,0,33.0
1086,CORREA   TOYOTA   4   PK   805,2,PZA,0,33.0
1087,CORREA   TOYOTA   4   PK   810,0,PZA,0,33.0
1088,CORREA   TOYOTA   4   PK   815,2,PZA,0,33.0
1089,CORREA   TOYOTA   4   PK   820,0,PZA,0,34.0
1090,CORREA   TOYOTA   4   PK   825,1,PZA,0,34.0
1091,CORREA   TOYOTA   4   PK   880,0,PZA,0,35.0
1092,CORREA   TOYOTA   4   PK   890,0,PZA,0,35.0
1093,CORREA   TOYOTA   4   PK   910,0,PZA,0,36.0
1094,CORREA   TOYOTA   4   PK   915,0,PZA,0,36.0
1095,CORREA   TOYOTA   4   PK   920,1,PZA,0,35.0
1096,CORREA   TOYOTA   4   PK   978,0,PZA,0,36.0
1097,CORREA   TOYOTA   4   PK 1000,1,PZA,0,37.0
1098,CORREA   TOYOTA   4   PK 1085,0,PZA,0,38.0
1099,CORREA   TOYOTA   5   PK   830,0,PZA,0,38.0
1100,CORREA   TOYOTA   5   PK   870,0,PZA,0,39.0
1101,CORREA   TOYOTA   5   PK   940,1,PZA,0,42.0
1102,CORREA   TOYOTA   5   PK   960,0,PZA,0,42.0
1103,CORREA   TOYOTA   5   PK   970,0,PZA,0,43.0
1104,CORREA   TOYOTA   5   PK   980,1,PZA,0,43.0
1105,CORREA   TOYOTA   5   PK   990,0,PZA,0,43.0
1106,CORREA   TOYOTA   5   PK  1000,2,PZA,0,43.0
1107,CORREA   TOYOTA   5   PK  1005,0,PZA,0,43.0
1108,CORREA   TOYOTA   5   PK  1010,0,PZA,0,44.0
1109,CORREA   TOYOTA   5   PK  1020,0,PZA,0,45.0
1110,CORREA   TOYOTA   5   PK  1050,0,PZA,0,45.0
1111,CORREA   TOYOTA   5   PK  1070,0,PZA,0,45.0
1112,CORREA   TOYOTA   5   PK  1075,0,PZA,0,45.0
1113,CORREA   TOYOTA   5   PK  1080,0,PZA,0,46.0
1114,CORREA   TOYOTA   5   PK  1205,0,PZA,0,45.0
1115,CORREA   TOYOTA   5   PK  1350,2,PZA,0,45.0
1116,ACEIT.  XCEL  5W30      LITRO  SYNT.,6,PZA,0,42.0
1117,ACEIT.  XCEL  85W140   GAL.  GL-5.,31,PZA,0,140.0
1118,HALOG.  PHILIPS   H4  12 V. 55/60 W   PREMIUM,0,PZA,0,163.0
1119,BOCI.  ARG.  24 V.  PLANA   PAR.,1,PZA,0,48.0
1120,CAPUCH.  DE  BUJIA   NOR.  NEGRO  ARG.,8,PZA,0,3.5
1121,CAPUCH.  DE  DISTR.  NEGRO   ARG NOR.,1326,PZA,0,2.799999952316284
1122,CAPUCH.  DE  BOBIN. GRAND. NEGRO   ARG.,20,PZA,0,3.0
1123,CAPUCH.  DE  BUJIA   NEGRO   CRUESO   ARG.,-1,PZA,0,3.799999952316284
1125,AUTOM.  ARR.  WAPSA  12V.  ZM  503.,0,PZA,0,135.0
1128,CARBON  DE  ARRAN.  BSX  157/158,0,PZA,0,18.0
1129,CARBON  DE  ALTER.  MIT  BOLSA  AZUL.,4,PZA,0,13.0
1130,PONC.  DE  TRIC.  TOY.  A-2550,0,PZA,0,17.0
1131,FIL.  ACEIT.  BOSC  B00 - 018  2825.,0,PZA,0,34.0
1132,FIL.  ACEIT.  MAN.  W719/4  2825.,0,PZA,0,5.0
1133,FIL.  ACEIT.  MAN.  W818/8  3593 A,0,PZA,0,29.0
1134,FIL.  HIBARI  GAS.  G 629-20 490.,-1,PZA,0,45.0
1135,FIL.  HIGHFIL  COMB.  PH  3619.,73,PZA,0,22.0
1136,FOC.  TRIFA  12V.  TECHO  10X30.,2,PZA,0,4.0
1137,BUL.  RETRO  SANKEI.. KB 610  5500-4962.,0,PZA,0,55.0
1138,BOM.  GAS .TAIW. UC - V4   SUZUKI.,0,PZA,0,140.0
1139,TAPA   DISTR.  COR  19101-11022.,2,PZA,0,100.0
1140,BOM.  GAS. COR. REP 503  E2319,0,PZA,0,195.0
1141,REG.  NEW - ERA  AVR  551.  12 V.,2,PZA,0,120.0
1142,CONM.  C.  VERD.  RD13053   .,0,PZA,0,35.0
1143,CONM.  C.  VERD. CONEC  NEG. 5  CABL. APM 7123.,1,PZA,0,40.0
1144,CONM.  C.  VERD. RD13055  CONC VERD  4 CABL.,2,PZA,0,35.0
1145,CONM.  C.  VERD.  8-94434443-3 .,4,PZA,0,40.0
1146,FOCO  LED  BLANCO  CD  -588,41,PZA,0,15.0
1147,FOCO  LED  XG037  AZUL  CON  SUQUED  NEGRO,-3,PZA,0,20.0
1148,FOCO  PIOJO  LED  7  COLOR  AC  RACING,2,PZA,0,18.0
1149,FOCO  LED  CD - 588   COLOR  AMARILLO,0,PZA,0,15.0
1150,FOCO  LED  XGO37  COLOR  VERTE,46,PZA,0,15.0
1151,FOCO  LED  XGO99  VERTE  DE  PETA,0,PZA,0,15.0
1167,BUJES   DE   ARRAN   17.2 X 14.1 MM.,0,PZA,0,8.0
1175,BUJES   DE   ARRAN.   1007   2 X,0,PZA,0,8.0
1181,BUJES   DE   ARRAN.   1006,0,PZA,0,8.0
1182,BUJES   DE   ARRAN.   1006   2 X,0,PZA,0,8.0
1192,BUJES   DE   ARRAN   981,0,PZA,0,8.0
1195,BUJES   DE   ARRAN   979,0,PZA,0,8.0
1200,BUJES   DE   ARRAN.   1006  2 X   CHEVRO,0,PZA,0,8.0
1206,TAPA   DE  TAN   30 MM.   LOCKING,1,PZA,0,20.0
1208,TAP.  RAD.  GRAN.  AMARILLO  LOCKING.,0,PZA,0,25.0
1209,BAT.  EVERLITE   60 AH   D.,-4,PZA,0,540.0
1210,BAT.  EVERLITE   60 AH   E,0,PZA,0,540.0
1211,BAT.  EVERLITE   60 AH   D  GRAN. REFORZADO 450.,5,PZA,0,540.0
1212,BAT.   BOSCH   70 AH   S6 75E   PLOM0,0,PZA,0,800.0
1213,BAT.   BOSCH   S4 78D   GRANDE  TAPA   AZUL,0,PZA,0,820.0
1214,BAT.   BOSCH   70 AH.   80D26L   JAPONES,0,PZA,0,780.0
1215,BAT.   BOSCH   65 AH.   S3   65D31L   N70L   JAPONES,0,PZA,0,730.0
1216,BAT.   B0SCH   66 AH . D  S3   56638   BAJA   NEGRA,0,PZA,0,735.0
1217,LIQ.  HIDRAUL.  XCEL  SYNTHETIC  UNIV.,42,PZA,0,53.0
1226,CARBON  DE  ARRAN.  FX - 217 - MK 155,0,PZA,0,37.0
1227,FOC.  NARVA   CUÑA   GRANDE  2 F.  JAPONES.,2,PZA,0,19.0
1228,FOC.  NARVA   CUÑA   GRANDE  1 F.   JAPONES,8,PZA,0,18.0
1230,RELAY   GENIUS   ALARM.   4 SAL.,0,PZA,0,25.0
1231,SOQUET.  DE  REL.  ALARM.  GENIUS,5,PZA,0,15.0
1233,TAPA   DISTR.  HEBARI 1901 - 41010  ROJO.,0,PZA,0,35.0
1236,BAT.  BOSCH. S6  65 AH. E  PRAS.  PLOMO.,0,PZA,0,730.0
1237,FIL.  ACEIT.  MAN.  W712/19,0,PZA,0,29.0
1238,FIL.  ACEIT.  BOSCH  0451103 - 322,0,PZA,0,5.0
1239,FIL.  ACEIT.  BOSCH  0451103 - 328.,0,PZA,0,3.710000038146973
1240,CERA   LE MANS BRILLAN.  NEGRO  200G.,4,PZA,0,17.0
1241,FIL.  ACIET.  FDP.  FH 2801B   ATLAS  VOLVO  88 - 10 - 12.,20,PZA,0,50.0
1242,ACEIT.  YPFB  15W40   BAL.  DIESEL  PLUS.,173,PZA,0,380.0
1243,BAT.  TOYO   35 AH. L  NS40Z L,8,PZA,0,450.0
1244,BAT.  BOSCH   S4   55 AH D   T. A.,0,PZA,0,600.0
1245,BAT.  BOSCH   S4   55 AH. E   T. A.,0,PZA,0,600.0
1246,BAT.  BOSCH   S4   63 AH. D   T. A.,0,PZA,0,655.0
1247,BAT.  BOSCH   S4   63 AH. E   T. A.,0,PZA,0,655.0
1248,BAT.  BOSCH. S6  65 AH. D  PRAS.  PLOMO.,0,PZA,0,730.0
1249,BAT.  BOSCH   S6   75 AH. D   PLOM.,0,PZA,0,775.0
1250,BAT.  BOSCH   S5   75 AH. E   N.   JAPONES,0,PZA,0,820.0
1251,BAT.  BOSCH   S5   75 AH. D   N.   JAPONES,0,PZA,0,820.0
1252,BAT.  BOSCH. S5  70 E  55 AH. E  PLOMO.,0,PZA,0,785.0
1253,BAT.  BOSCH. S5  70 D  55 AH. D  PLOMO.,0,PZA,0,785.0
1254,ACEIT.  XCEL  40  GAS.  LITRO.,35,PZA,0,29.0
1255,PONC.  DE  CREM.  AS   0011.,0,PZA,0,17.0
1256,PONC.  DE  CREM.   ER   2113.,1,PZA,0,17.0
1257,PONC.  DE  CREM.   ER   2111.,0,PZA,0,17.0
1258,PONC.  DE  CREM.   ER   2143.,0,PZA,0,17.0
1259,PONC.  DE  CREM.   BS   66061.,4,PZA,0,17.0
1260,PONC.  DE  JUNTA   NP   1039   A,-1,PZA,0,18.0
1261,PONC.  DE  JUNTA   BT.   110,0,PZA,0,18.0
1262,PONC.  DE  JUNTA   ER   1139,1,PZA,0,18.0
1263,PONC.  DE  TRIC.  RB   4147,1,PZA,0,19.0
1264,PONC.  DE  TRIC.  FB  2040   PH  1664,0,PZA,0,19.0
1265,PONC.  DE  TRIC.  ER  1146,0,PZA,0,19.0
1266,PONC.  DE  TRC.  FB  2120   PH  537  -  3A,2,PZA,0,19.0
1267,PONC.  DE  TRIC.  A  2550,4,PZA,0,19.0
1270,FIL.  AIRE  FDP  FA-244  SUZUKI CARY,-3,PZA,0,55.0
1290,RET. JPK 066N  52 X 68 X 7.5 X-12  5A  4A,4,PZA,0,15.5
1293,RET. JPK 169N  52 X 75 X 7.5 X 12   RUE.  TRAS.,3,PZA,0,18.5
1295,RET. JPK 170N  56 X75 X 8 12.5   COROLL.,3,PZA,0,19.0
1297,RET. JPK 117N  50 X 68 X 9   HILUX,3,PZA,0,17.0
1298,RET. JPK 175N  18 X 30 X 7    BOMBA  ACEIT.,3,PZA,0,11.5
1299,RET. JPK 126N  22 X 36 X 7.5 X 11.50    COROLL.,3,PZA,0,14.5
1300,RET. JPK 072N  22 X 36 X 10 X 15   AM0RT.,5,PZA,0,13.5
1302,RET. JPK 137N  19 X38 X7 X 8   HIDRAUL.,1,PZA,0,13.5
1304,RET. JPK E650  35 X 56 X 8 X 11.5   MIT.  LANCER,3,PZA,0,19.0
1305,RET. JPK 290N  35 X 56 X 9 X 12 .5   MIT. MONT.  CAJ.,3,PZA,0,16.5
1306,RET. JPK 187N  35 X62 X 10 X 16.50  SAMURA,3,PZA,0,16.5
1307,RET. JPK 004N  35 X50 X 8   MIT.  LEVA,4,PZA,0,12.5
1309,RET. JPK 092N  32 X 46 X 6   BOMBA  ACEIT.,3,PZA,0,13.0
1310,RET. JPK 121N  35 X 50 X11    CAJA  NIS.  URUA.,4,PZA,0,14.5
1311,RET. JPK 067N  38 X 74 X 11 X 18   PINON  CORONA,2,PZA,0,23.5
1312,RET. JPK 264N  38.5 X 53 X 8    SUBARU,4,PZA,0,13.0
1313,RET. JPK E917  38 X59 X 9   CIGUE.  SUBARU,1,PZA,0,16.5
1314,RET. JPK 263N  23 X 40 X7  BOM.  AGUA.  SUBAR.,3,PZA,0,13.5
1315,RET. JPK 176N  20 X 35 X 8   BOM. HIDRAU.,2,PZA,0,13.5
1316,RET. JPK 063N  25 X 35 X5    CREMALL.  STARL.,2,PZA,0,12.0
1317,RET. JPK 054N  17 X28 X7    BOM.  ACEIT.  MIT.,3,PZA,0,11.5
1318,RET. JPK 084N  32 X42 X 10 X 15    CAJ. SUZUK.  CARRY,5,PZA,0,11.5
1319,RET. JPK D788  32 X47 X 6    EJE  LEV.  VITA   SAMUR.,1,PZA,0,11.0
1320,RET. JPK N025 - 2  32 X47 X 8   EJE  LEV.  CARRY  SAM.,2,PZA,0,13.0
1321,SILIC.  SAPOLIO  SPRAY  LIMANS  NEGRO. TABL.,1,PZA,0,18.0
1322,LIQ.  FRENO   STP  DOT  3,0,PZA,0,18.0
1323,BOCI.  YTAL.  AMARILL.  91408 .,0,PZA,0,50.0
1324,FIL.  ACEIT.  FDP.  FH3012.,37,PZA,0,15.5
1325,FIL.  ACEIT.  FDP.  FH101  SILL.,12,PZA,0,30.0
1326,GRAS.  VISTONY  120 GR   NARAN.  .,0,PZA,0,10.0
1327,GRAS.  VISTONY  120 GR.  VERTE.,0,PZA,0,10.0
1328,GRAS.  VISTONY  120 GR.  CELESTE.,0,PZA,0,10.0
1329,GRAS.  VISTONY  120 GR   GRAFIT. AZUL.,0,PZA,0,10.0
1330,GRAS.  VISTONY  120 GR.   AMARILL.,2,PZA,0,10.0
1331,BAT.  HELIAR  95 AH.  E  TA95LE.  NOR. JAPON.,0,PZA,0,929.2999877929688
1332,REG.  UYR - 010,17,PZA,0,50.0
1333,HALOG.   NARVA  12 V.  H3  55 W.  NORM.,1,PZA,0,25.0
1334,FIL.  ACEIT.  FRAM  PH2  USA.,2,PZA,0,35.0
1335,SILL.  DE  RAD.  SELLA  MAX  METALICO,1,PZA,0,14.0
1336,SILL.  GUNK  DE RAD.  LIQ.   STOP  LEAK  325  ML.,7,PZA,0,26.0
1337,LAV.  MOTOR  FLUSH   CYCLO  443 ML.  USA,33,PZA,0,28.0
1338,CABLE  BLANCO  Nº 14  ARG.,399,PZA,0,1.799999952316284
1339,LIMP.  GUNK   RADIADOR   325ML.   LAVADO  10  MIN.  AZUL.,2,PZA,0,25.0
1340,BAT.  PANASONIC  45 AH.  R  TC46B24R.,11,PZA,0,618.7999877929688
1341,BAT.  PANASONIC  65 AH.  R  TC - 65D26 R.,4,PZA,0,745.6199951171875
1342,AMBIEN.  SPICED PUMPKIN  USA,0,PZA,0,6.0
1343,AMBIEN.  USA  OCEAN MIST,0,PZA,0,6.0
1344,CORR.  MITSUBOSHI  13X914  A 36,5,PZA,0,28.0
1345,AMBIEN.  ORIGENAL  USA.,-28,PZA,0,7.0
1346,AMBIEN.  LEATHER  USA,0,PZA,0,6.0
1347,CORR.  MITSUBOSHI  13X813  A 32,7,PZA,0,25.0
1348,AMBIEN.  BUBBLE  BERRY  USA,-1,PZA,0,6.0
1349,AMBIEN.  SILLY  CITRUS  USA,0,PZA,0,6.0
1350,AMBIEN.  CHOCOLATE   USA,0,PZA,0,6.0
1352,AMBIEN.  STRAWBERRY  KIWI  USA.,0,PZA,0,6.0
1353,CORR.  MITSUBOSHI  13X1060  A 42,4,PZA,0,30.0
1354,AMBIEN.  SUNNY  CITRUS   USA,0,PZA,0,6.0
1355,CORR.  MITSUBOSHI  13X1120  A 44,3,PZA,0,30.0
1356,AMBIEN.  MANCO   USA,0,PZA,0,6.0
1357,AMBIEN.  PEACHY  PEACH   USA,0,PZA,0,6.0
1358,AMBIEN.  STRAWBERRY   USA,-2,PZA,0,6.0
1359,AMBIEN.  NIGHT  SKY  USA,0,PZA,0,6.0
1360,CORR.  MITSUBOSHI  13X767  A 30,7,PZA,0,25.0
1361,AMBIEN.  LILAC   USA,0,PZA,0,6.0
1362,CORR.  MITSUBOSHI  13X841  A 33,2,PZA,0,28.0
1363,CORR.  MITSUBOSHI  13X850  A 34,5,PZA,0,28.0
1364,CORR.  MITSUBOSHI  13X1100  A 43,3,PZA,0,30.0
1365,AMBIEN.  PASSION   USA,0,PZA,0,6.0
1366,AMBIEN.  MORNING  FRESH   USA,0,PZA,0,6.0
1367,CORR.  MITSUBOSHI  13X925  A 37,4,PZA,0,30.0
1368,FIL.  GAS.  NPPN  42072 - AA011  SUBARU  TAIW.,6,PZA,0,45.0
1369,BAT.  TOYO   BT63L  63AH.,3,PZA,0,590.0
1370,ACEIT.  AMALIE  10W40  GAS.  GAL.,4,PZA,0,145.0
1371,ACEIT.  AMALIE  20W50  GAS.  GAL.,-3,PZA,0,140.0
1372,ACEIT.  AMALIE  40  LITRO  GAS.,5,PZA,0,38.0
1373,SOQ.  DE 2  CONT.  PLAST. TOY.  OBSERV.,51,PZA,0,6.0
1374,RELAY   ARG.  RE- 151  12V. 5 SAL.  MET.,27,PZA,0,35.0
1375,RET. JPK - 221N  35 X 50 X 9.5  TOY.,2,PZA,0,17.0
1376,RET. JPK - 060N  33 X 44 X 8  TOY.  2F. 3F.,3,PZA,0,13.0
1378,RET. JPK  269N  68 X 84 X 8.5   CIGUE.  SUBARU,3,PZA,0,16.0
1379,RET. JPK  050N  15 X 32 X 7  ALTER. NISSAN,3,PZA,0,11.0
1381,RET. JPK  122N  47 X 56 X 7  PAL. NISSAN,2,PZA,0,19.0
1382,RET. JPK  161N  48 X 62 X 7  RUE. TRAS.  CORR.,2,PZA,0,21.0
1383,RET. JPK  124N  47 X 62 X 9  RUE.  TRAS. SUZUKI,3,PZA,0,17.0
1384,RET. JPK  F481  50 X 68 X 9   DIST.  IZUZU,3,PZA,0,21.0
1386,RET. JPK  130N  80 X 105 X 13,2,PZA,0,33.0
1388,RET. JPK  284N  18 X 32 X13,3,PZA,0,13.0
1390,RET. JPK  F417  50 X 68 X 7 X 9  RUE.  SAMURAY,2,PZA,0,17.0
1392,RET. JPK  297N  80 X 100 X 85  CIGUE. TERCEL,2,PZA,0,27.5
1393,RET. JPK  42607- 1  42 X 60 X 7  CIGUE.  HILUX,2,PZA,0,12.0
1394,RET. JPK  274N  28.6 X 43 X 6.5  PIÑON  DE  CAJ,4,PZA,0,12.0
1397,SILL.  PRESTONE  STOP  LEAK  3 / 4  OZ.,0,PZA,0,16.0
1398,SOQUET  DE 3  CONECT. HEMBRA  BLAN.,4,PZA,0,6.0
1399,SOQUET  DE 3  CONECT. MACHO  BLANCO,8,PZA,0,6.0
1400,SOQUET  DE 6  CONECT.  MACHO  BLAN.,3,PZA,0,10.5
1401,ALOG.  TAIW.  12 V.  9005  AZUL  ESTUC.,3,PZA,0,40.0
1402,SOQUET  DE 2  CONEC.  HEMBR.   PLAN.,30,PZA,0,3.900000095367432
1403,SOQUET  DE 2  CONET.  MACHU   BLANC.,35,PZA,0,3.900000095367432
1405,LIQ.  HIDRAUL.  COASTAL  LITR.  NEGR.,0,PZA,0,22.0
1406,FUSIBLE  DE  BAT.  80 AH.  GRAND. TAIW.,0,PZA,0,10.0
1407,REG.  UNIPONIT.  12 V.  YR - 10  CON 2 CABLES.,10,PZA,0,55.0
1408,FIL.  AIRE  AIR  FILTER  16546 - 73C10  NIS. CHI.  22X16  C.R.,19,PZA,0,45.0
1409,LIQ.  HIDRAUL.  ATF  DEXT.III.  OPTIMUS  VERD.,2,PZA,0,31.0
1410,CABL.  DE  EMBRAG.  KUMB. VW. 303,1,PZA,0,45.0
1412,SOPORT.  DE  MOTOR  6 X 6.6 CM. INT. 1.5 CM.,1,PZA,0,13.0
1413,SOPORT.  DE  MOTOR  4.7 X 7.2  CM. 1.50 CM.,3,PZA,0,13.0
1414,SOPORT.  DE  MOTOR  4.5 X 6.7 CM.  1.50 CM.,3,PZA,0,12.0
1415,SOPORT.  DE  MOTOR  4.4 X 5.5 INTE. 2.5 CM.,0,PZA,0,11.0
1416,SOPORT  DE  ESCAPE  7.8 X 2.6,4,PZA,0,8.0
1417,SOPORT.  DE  ESCAPE  7.8 X 2.1,3,PZA,0,8.0
1418,SOPORT.  DE  ESCAPE  8.5 X 3.2  CM.,7,PZA,0,10.0
1419,BUJE  DE  TEJERAL  TOY,1,PZA,0,13.0
1420,BUJE  DE  BARRA  DE  ESTBL. 4.8 X 2.8 CM.,1,PZA,0,9.0
1421,BUJE  DE  BARRA  DE  ESTBL.  3.6 X 1.8 CM.,2,PZA,0,6.0
1422,BUJE  DE  BARRA  DE  ESTBL. 1.5 CM.,3,PZA,0,6.0
1423,BUJE  DE  BARRA  DE  ESTBL. 3.1 X 1.2,1,PZA,0,5.5
1424,ACHE  DE  MUELL.  2.5 CM.,1,PZA,0,6.0
1425,BUJE  REDONDO  11.8 X 7,14,PZA,0,10.0
1426,BUJE  REDONDO  4  ORIFICIOS 8 X 2.3,5,PZA,0,7.0
1427,BUJE  CUATRADO  7.3 X 7.3  X 1.3,1,PZA,0,6.0
1428,BUJE  DE  MUELL. 1.8 X 3.7,1,PZA,0,7.0
1429,BUJE  DE  MUELL.  3.8 X 1.5,1,PZA,0,6.0
1430,BUJE  DE  MUELL.  2.7 X 1.1,0,PZA,0,5.0
1431,BUJE  DE  MUELL.  2.8 X 1.5,1,PZA,0,5.0
1432,BUJE  DE  MUELL.  3 X 1.3,1,PZA,0,4.0
1433,BUJE  DE  BAARR.  RED.  2.8 CM.,9,PZA,0,4.0
1434,ANTIC.  COOL  CONCEN.  AMARILL.  LITRO,0,PZA,0,35.0
1435,ANTIC.  COOL  REFRIG.   AZUL    LITRO,0,PZA,0,25.0
1436,ANTIC   COOL  OXIDANTE  VERTE   LITRO,-6,PZA,0,22.0
1437,ANTIC.  COOL  CONCENT.  AMAR.  GAL.,0,PZA,0,130.0
1438,ANTIC.  COOL  REFRIG.  AZUL  GAL.,0,PZA,0,65.0
1439,ANTIC.  COOL  OXIDANT.  CONO  GAL.,0,PZA,0,90.0
1440,CABLE  NEGRO  Nº  12.  ARG.,98,PZA,0,4.0
1448,FILTR.  DE  ACEIT.  PENSKE  PN 3985,1,PZA,0,60.0
1449,FILTR.   DE  ACEIT. VALVOLINE  VO-35.,2,PZA,0,65.0
1451,LIQ.  HIDRAUL.  STP  ROJO  Y  BLAN.,-3,PZA,0,19.0
1453,HALOG.   NARVA  12V.  9006  55 W.  NORMAL.,1,PZA,0,45.0
1454,INTERR.  MARILIA  IM 11038  BOC. NEG.,4,PZA,0,15.0
1455,INTERR.  MARILIA  IM 11031  BOT.  ARR.,5,PZA,0,57.0
1456,REG.  GAUSS. 12 V.  GA 225  GOL. MODR.,3,PZA,0,230.0
1457,CINTURON   PLAST.  7.0 X 400MM.,0,PZA,0,3.0
1458,CINTURON   PLAST.  2.5 X 150 MM.,0,PZA,0,1.5
1459,ABRAZ.  DE PLASTICO  GRAND.  5X100   X,-3,PZA,0,3.0
1461,CORR.  GOOD  YEAR  4PK  830.,2,PZA,0,30.0
1462,RODAM.  KOYO  6202.  2RS.,0,PZA,0,25.0
1463,RODAM.  KOYO  6203  2RS.,5,PZA,0,30.0
1464,CINTURON   PLAST.  X X,-14,PZA,0,1.5
1465,FILTRO  FRAM  AIRE  PPA 7344.,5,PZA,0,136.0
1466,FILTRO   FRAM  AIRE  PPA 9838.,5,PZA,0,136.0
1467,FILTRO  FRAM  AERI  PRA 351.,4,PZA,0,136.0
1468,FILTRO  FRAM  AIRE  PPA 7626.,5,PZA,0,136.0
1469,FILTRO  FRAM  AIRE  PPA 8221.,4,PZA,0,136.0
1470,FILTRO  FRAM  AIRE  PPA 5058.,4,PZA,0,136.0
1471,FILTRO  FRAM  AIRE  PRA 7730.,5,PZA,0,136.0
1472,FILTRO  FRAM  AIRE  PRA 327.,5,PZA,0,136.0
1473,FILTRO  FRAM  AIRE.  PRA 6362.,4,PZA,0,136.0
1474,FILTRO  PUROLT.  AIRE  A 37859.,3,PZA,0,125.0
1475,FILTRO  PUROLT.  AIRE  A 53198.,5,PZA,0,125.0
1476,FILTRO  PUROLT.  AIRE  A 37936.,5,PZA,0,125.0
1477,FILTRO  PUROLT.  AIRE  A 44311.,4,PZA,0,125.0
1478,FILTRO  PUROLT.  AIRE  A 44791.,5,PZA,0,125.0
1479,FILTRO  PUROLT.  AIRE  A 43577.,3,PZA,0,125.0
1480,FILTRO  PUROLT.  AIRE  A 23191.,6,PZA,0,125.0
1481,FIL.  PUROLT.  GAS.  F 33142.,3,PZA,0,85.0
1483,FUSIBLE DE VITRIO  10 AM.,32,PZA,0,1.0
1484,SOQUET.  METALICO  2  CONT. UNIV.  C.  CABLES.,159,PZA,0,3.5
1485,SOQUET.  METALICO  1  CONT.  UNIV.  C. CABLES.,100,PZA,0,3.5
1486,FIL.  BOCSH  GAS. 450 236  GRAND. METALI.,9,PZA,0,120.0
1487,FIL.  AIRE  HGHFIL 17801 - 67060. CAJA  ROJA  TOY.,3,PZA,0,49.0
1488,REG.  BOSCH  CON  2  CABLES  007  12 V.,0,PZA,0,130.0
1489,FIL.  GAS.  MOTOR  PARTS  EN V  CERRADO  BAJO.,25,PZA,0,10.0
1490,FIL.  HIBARI  GAS.  U  CER. MB433774 L300.  138757.,0,PZA,0,15.0
1491,FIL.  GAS.  MOTOR  TRANSP.  RECTO  C/CAJ. ROJO (TP-GF61),215,PZA,0,10.0
1494,FIL.  AIRE  AIR  FILTER  17801 - 21030  TOY. 12 X 25.,120,PZA,0,40.0
1495,BAT.  PANASONIC  45 AH.  R  TC 55B24 R  NX100.,1,PZA,0,586.75
1496,ROMPE  NIEBL.   AMARILL. HIGH POWER.,0,PZA,0,45.0
1497,ROMPE  NIEBL.  BLANCO  HIGH  POWER.,2,PZA,0,45.0
1498,FUSIBLE  DE  BATERIA  DE 70 AH.,0,PZA,0,10.0
1499,PONC.  DE  JUNTA  BT 138,0,PZA,0,18.0
1500,PONC.  DE  JUNTA  ER 1149  EXPERT.,0,PZA,0,22.0
1501,PONC.  DE  JUNTA  AS - 0017.,-2,PZA,0,18.0
1502,PONC.  DE  JUNTA  PH 98036.,0,PZA,0,19.0
1503,PONC.  DE  JUNTA  NP - 1045.,0,PZA,0,18.0
1504,CORR.  GOOD  YEAR  10AV  560.,1,PZA,0,2.685714244842529
1545,CORR.  GOOD  YEAR  3PK  750.,1,PZA,0,43.41999816894531
1546,CORR.  GOOD  YEAR  3PK  760.,0,PZA,0,43.52999877929688
1547,CORR.  GOOD  YEAR  3PK  815.,2,PZA,0,46.5
1548,CORR.  GOOD  YEAR  4PK  850.,2,PZA,0,59.0
1549,CORR.  GOOD  YEAR  4PK  930.,1,PZA,0,56.0
1550,CORR.  GOOD  YEAR  4PK  950,1,PZA,0,56.5
1551,CORR.  GOOD  YEAR  4PK  970.,1,PZA,0,57.0
1552,CORR.  GOOD  YEAR  4PK 1080.,1,PZA,0,58.0
1553,CORR.  GOOD  YEAR  5PK   820.,4,PZA,0,64.0
1554,CORR.  GOOD  YEAR  5PK   970.,1,PZA,0,67.0
1555,CORR.  GOOD  YEAR  5PK  1070.,1,PZA,0,69.0
1556,CORR.  GOOD  YEAR  5PK  1090.,0,PZA,0,69.0
1557,CORR.  GOOD  YEAR  5PK  1110.,1,PZA,0,70.0
1558,CORR.  GOOD  YEAR  5PK  1115.,1,PZA,0,70.0
1559,CORR.  GOOD  YEAR  5PK  1650.,1,PZA,0,83.0
1560,LIQ.  HIDRAUL.  CAM2   68  BAL.,1,PZA,0,395.0
1561,BAT.  PANASONIC  45 AH.  TC-46B24RS  B. GRUE.,-1,PZA,0,618.7999877929688
1562,BAT.  BOSCH  S5  70 D  70 AH.D  PRAS.,5,PZA,0,785.0
1563,BAT.  HELIAR  90 AH.  D  F90LD  BLANCO.,1,PZA,0,920.0
1564,BUJ.  BOSCH   HR8DC +  RUSC. DEL. TOY.,4,PZA,0,18.5
1565,BUJ.  BOSCH  3 ELECT. WR7LTC +  GRUE. LAR.,16,PZA,0,32.0
1566,BUJ.  BOSCH  4 ELECT. WR78G  505  GRUE.  CORT.,0,PZA,0,39.0
1567,MANG.  DE  FRENO  358,0,PZA,0,39.0
1568,MANG.  DE  FRENO  360.,0,PZA,0,37.5
1569,MANG.  DE  FRENO  346.,0,PZA,0,36.0
1570,MANG.  DE  FRENO  347.,0,PZA,0,37.5
1571,MANG.  DE  FRENO  361.,0,PZA,0,48.0
1572,MANG.  DE  FRENO  365.,0,PZA,0,49.0
1573,MANG.  DE  FRENO  338/1.,-1,PZA,0,37.5
1574,MANG.  DE  FRENO  368.,0,PZA,0,63.0
1575,MANG.  DE  FRENO.  339/2.,0,PZA,0,48.0
1576,BUJ.  BOSCH  4  ELECT.  HR78.  DELG  509.,549,PZA,0,42.41999816894531
1577,LLAVE  DE  FILTRO  8A.,-1,PZA,0,18.0
1578,LLAVE  DE  FILTRO  CHICO  3001.,-19,PZA,0,18.0
1579,LLAVE  DE  FILTRO  2825.,30,PZA,0,18.0
1580,AGUA   BAT.  AVELINO  LITRO.,0,PZA,0,8.0
1581,CORR.  GOOD  YEAR  10AV  725.,1,PZA,0,30.0
1583,BENDIX  0799   ZEN  GOLF  PASSAT.,9,PZA,0,135.0
1584,HALOG.   NARVA  12 V.  H1 100W.,5,PZA,0,28.0
1585,PAST.  DE  FRENO  CAJA  AZUL  SLB115,1,PZA,0,130.0
1586,RODAM.  MBA   P. EJE  17887/31.,2,PZA,0,54.0
1587,RODAM.  MBA.  885117  BOMA DE AGUA.,1,PZA,0,40.0
1588,RODAM.  MBA.  CORTO  PLANCA.,1,PZA,0,40.0
1589,BENDIX  BZM  99 . 0056  CHEV.  CORTO.,2,PZA,0,79.0
1590,BENDIX  BZM  99. 0938 - 010206.,3,PZA,0,105.0
1591,BENDIX  ZEN  0020 - 120308  CHEVR.,0,PZA,0,85.0
1592,RODAM.  HCH.  LM12749 / 10   P.EJE.,0,PZA,0,25.0
1593,RODAM.  MBA  L45449 / 10.  P. EJE.,2,PZA,0,24.0
1594,RODAM.  MBA.  DAC3872W - 8  P. EJE.,4,PZA,0,125.0
1595,RODAM.  MBA  30303D  P. EJE.,4,PZA,0,33.0
1596,RODAM.  MBA.  63 / 22  P EJE.,3,PZA,0,39.0
1597,RODAM.  MBA.  LM11749 / 10.,2,PZA,0,22.0
1598,RODAM.  KOYO  LM48548 / 10  P. EJE.,2,PZA,0,46.0
1599,RODAM.  MBA.  LM48548  -  LM48510  P. EJE,4,PZA,0,33.0
1600,RODAM.  MBA.  L68149 / 10.  P. EJE.,3,PZA,0,35.0
1601,BENDIX  VARB  617.07 - 24 A 05. 9 DIEN.,1,PZA,0,85.0
1602,BENDIX  99.0020.0  CHEVR.  LARG.,1,PZA,0,85.0
1603,REG.  GAUSS. 12 V.  GAOO2  GENER.,0,PZA,0,195.0
1604,ABRAZ.  SUPRENS   3/4    13-19,53,PZA,0,3.0
1605,ABRAZ.  SUPRENS.  1. 1/4  22 - 32.,13,PZA,0,2.029999971389771
1606,ABRAZ.  SUPRENS.  5/8    12 -16.,46,PZA,0,2.5
1607,ABRAZ.  SUPRENS.  1/2  9 - 13.,100,PZA,0,1.25
1608,ABRAZ.  SUPRENS.  7/8  14 - 22.,-1,PZA,0,3.0
1609,ABRAZ.  SUPRENS.  1. 3/4  32 - 44.,3,PZA,0,2.190000057220459
1610,ABRAZ.  SUPRENS.  2   38 - 51.,24,PZA,0,2.269999980926514
1611,ABRAZ.  SUPRENS.  1. 1/16   19 - 27.,9,PZA,0,1.470000028610229
1612,ABRAZ.  SUPRENS.  1.1/2  25 - 38.,13,PZA,0,2.109999895095825
1613,CORREAS  BANDO  6PK  895.,0,PZA,0,55.0
1614,CORREAS  BANDO  6PK  1070.,1,PZA,0,65.0
1615,CORREAS  BANDO  6PK  2200.,5,PZA,0,133.0
1616,CORREAS  BANDO  6PK  2215 .,2,PZA,0,135.0
1617,CORREAS  BANDO  6PK  2240.,2,PZA,0,137.0
1618,CORREAS  BANDO  6PK  2270.,5,PZA,0,140.0
1619,CORREAS  BANDO  3PK  750.,0,PZA,0,28.0
1620,CORREAS  BANDO  3PK  760.,0,PZA,0,28.0
1621,CORREAS  BANDO  3PK  815.,3,PZA,0,28.0
1622,CORREAS  BANDO  4PK  800.,3,PZA,0,35.0
1623,CORREAS  BANDO  4PK  930.,2,PZA,0,40.0
1624,CORREAS  BANDO  4PK  970.,2,PZA,0,43.0
1625,CORREAS  BANDO  4PK  1080.,2,PZA,0,47.0
1626,CORREAS  BANDO  5PK  820.,3,PZA,0,42.0
1627,CORREAS  BANDO  5PK  865.,0,PZA,0,44.0
1628,CORREAS  BANDO  5PK  965.,1,PZA,0,50.0
1629,CORREAS  BANDO  5PK  970.,0,PZA,0,51.0
1630,CORREAS  BANTO  5PK  1070.,3,PZA,0,54.0
1631,CORREAS  BANDO  5PK  1090.,1,PZA,0,55.0
1632,CORREAS  BANDO  5PK  1115.,3,PZA,0,57.0
1633,CORREAS  BANDO  5PK  1650.,2,PZA,0,85.0
1634,EMP.  COL.  OSAKA  71010  SL TOY. 3Y. 2Y.1Y.,1,PZA,0,48.0
1635,BENDIX   VOLS.  PETA  0192  260410  WAPSA. WAPSA,5,PZA,0,95.0
1636,DIODO  CHICO  JAPAN   FD  POSITVO.,16,PZA,0,11.5
1637,DIODO  CHICO  JAPAN   FD  NEGATIVO.,10,PZA,0,11.5
1638,BUJ.  DENSO  K16R - U11#4. 3119#4,23,PZA,0,18.0
1639,CARBON  DE  ARRAN.  DX 137.,9,PZA,0,35.0
1640,CARBON  DE  ARRAN.  FX 220  FORD  MOD.,2,PZA,0,39.0
1641,CARBON  DE  ARRAN.  HISX 8128.,0,PZA,0,38.0
1642,AUTOM.  ARR.   ZM  696  MIT.,0,PZA,0,175.0
1643,AUTOM.  ARR.  ZM  697  MIT.,0,PZA,0,173.0
1644,BOBI.  OLIM.  40 039  PLOM.  NOR.,0,PZA,0,160.0
1645,MANG.  GOMA  1/4    HIDRAUL.  OLEO  6.4MM.,179,PZA,0,20.0
1646,LIQ.  HIDRAUL.  WARCO  TYPE A  LITRO.,1,PZA,0,25.0
1647,BAT.  HELIAR  55 AH.  D  F50JD.,6,PZA,0,670.0
1648,BAT.  HELIAR  55 AH.  E   F50JE.,6,PZA,0,573.2999877929688
1649,MANG.  GOMA  3/8    HIDRAUL.  OLEO,107,PZA,0,30.0
1650,COMAND.  CENTRA.  GENIOS  CON  CABLE.,0,PZA,0,100.0
1651,BAT.  TOYO   75 AH.  N7OZ  L.,-2,PZA,0,815.0
1652,BOM.  BOSCH  453 - 481  SUMERG.  UNIV.  TOY.,1,PZA,0,485.0
1653,ESPAGUED   LISO  10MM.,24,PZA,0,3.0
1654,FIL.  AIRE  FDP  FA  103.  NISS.,10,PZA,0,50.0
1655,FIL.  AIRE  ULTRA  16546 - 77A10  NIS  ROJO,0,PZA,0,52.0
1657,FIL.  AIRE  ULTRA  13780 - 58B00  SUZUKI  CUADR.,0,PZA,0,52.0
1658,SOQUET.  DE  LUZ  M.  CUÑA  TOY.  GRAND.,7,PZA,0,5.5
1659,BOM.  SUM.  NPPN  -  002  0510  TOY.,1,PZA,0,185.0
1660,BOM.  SUM.  NPPN  003  0610  TOY.,0,PZA,0,185.0
1661,BOM.  SUM.  NPPN  001  0910  TOY. NIS. GRANDE.,32,PZA,0,205.0
1662,REG.  NEW  ERA  IVR  518  CORR.  UNIV.  TOY.  TAIW.,4,PZA,0,85.0
1663,REG.  NEW  ERA  529  MOD.  TOY  TAIW.  ELECTRON.,2,PZA,0,100.0
1664,AFLOJT.  ZEPELIN  CHICO  TAPA  AMAR.,0,PZA,0,22.0
1665,CABL.  DE  ACELERADOR   DELGADO  LARGO.,-6,PZA,0,11.0
1666,SILIC.  SIMONIZ   UV3  300ML. CITRUS  MEDIANO.,2,PZA,0,33.0
1667,SILIC.  SIMONIS   UV3  300ML. FRESA  MEDIANO.,1,PZA,0,33.0
1668,TRIODO  EXETACION  CHEVRO  IK. 3001.,5,PZA,0,19.0
1669,EMPAQ.  DE  ESCAPE  CHICO.,3,PZA,0,8.5
1670,EMPAQ.  DE  ESCAPE  GRANDE.,1,PZA,0,11.0
1671,SOQUET.  DE  BOMBA  BOSCH  334  SUMBL.,2,PZA,0,29.0
1672,INTERR.  CUADR.  CHICO  NEGRO.,0,PZA,0,5.0
1673,PONC.  DE  JUNTA  FAN - 2109.,0,PZA,0,19.0
1674,PONC.  DE  JUNTA  FAN - 2124.,0,PZA,0,19.0
1675,PONC.  DE  JUNTA  FAN - 2127.,-1,PZA,0,20.0
1676,PONC.  DE  JUNTA  J - 66.  GRANDE.,3,PZA,0,25.0
1677,PONC.  DE  CREM.  TOY.  HELUX.,0,PZA,0,26.0
1678,BUJ.  CHAMPION   F14YC.,8,PZA,0,21.0
1679,BUJ.  CHAMPION   RC12YC  - 71.,18,PZA,0,18.0
1680,BUJ.  CHAMPION   L87YC - 312.,4,PZA,0,18.0
1681,BUJ.  CHAMPION   CJ8Y - 848.,1,PZA,0,18.0
1682,BUJ.  CHAMPION   N21 - 504.,10,PZA,0,18.0
1683,PLAQUETAS  DE  COBRE  PATAS  IGUAL.,54,PZA,0,8.5
1684,PLAQUETAS  DE  COBRE  1 PATA  DERECHO.,54,PZA,0,9.0
1685,CHANCHITOS  DE  ACELERADOR  GRANDE.,0,PZA,0,5.0
1686,CHANCHITOS  DE  ACLERADOR  MEDIANO.,0,PZA,0,4.0
1687,CHANCHITOS  DE  ACELERADOR  CHICO.,0,PZA,0,4.0
1688,TAPA   DISTR.  OLIMP.  20 -  056  PETA.,2,PZA,0,35.0
1689,BENDIX   ZEN  1108  POLO  GOLF   SEAT IBIZA.,1,PZA,0,165.0
1690,AUTOM.  ARR.  ZM 760  FORT  EXPLORER.,2,PZA,0,170.0
1691,LIQ.  FRENO   PRESTONE  TOP  4.,0,PZA,0,24.0
1692,AMBIEN. EN  SPRAET  EN LIQ. USA  60ML.,21,PZA,0,15.0
1694,EMPAQ.  DE  ESCAPE  MEDIANO.,2,PZA,0,9.0
1695,BUL.  ACEIT.  SANKEI  DOP 1117   ORIG.,4,PZA,0,32.0
1696,BUL.  ACEIT.  SANKEI  DOP  1130  ORIG.,26,PZA,0,32.0
1697,VALVULA  DE  AIRE  RECTO  SANKEI  KP - 104  ORIG.,0,PZA,0,45.0
1698,JUNTA  CIB  TO-014   A26  F23  056  C. GUEN.,17,PZA,0,140.0
1699,JUNTA  CIB  TO-007  A23  F23  056  C.  GUEN.,-1,PZA,0,165.0
1700,RUDOLA  DE  CREMALL.  NEG.,0,PZA,0,69.0
1701,CHIC.  BUJ.   5A  TOY.  TAIW.,0,PZA,0,145.0
1702,CAPUCH.  DE  BUJIA   NARAN.  NOR.  ARG.,30,PZA,0,3.799999952316284
1703,CAPUCH.  DE  DISTR.  NAR.  CORBO  ARG.,16,PZA,0,4.5
1704,LIMP.  INYECT  AKRON,0,PZA,0,23.0
1705,MANG.  SIL.  TRANS.  8MM. X 12.5MM EXT,82,PZA,0,13.0
1706,RET.  DE  VALVULAS 13207 - 21002  AZUL  BLACO.,6,PZA,0,29.0
1707,RET.  DE  VALVULA  90913 - 02053  TOYOTA  ROJO.,0,PZA,0,25.0
1708,EXTINGUIDOR  1 KG.,6,PZA,0,85.0
1709,AMORT.  YOITOKI   120056  3418-Y.,-1,PZA,0,110.0
1710,BUJ.  BOSCH  3 ELECT.  WR8LTC  LARG.  GRUE.,20,PZA,0,43.0
1711,MOÑON  DE  SUSP.  EMIC  43330-19095  C.PLANCA.,10,PZA,0,65.0
1712,MOÑON  DE  DER.  EMC  SE 2651  45046 - 19175.,4,PZA,0,60.0
1713,GUARDABARROS  GOMA  MITS.,2,PZA,0,75.0
1714,CABLE   MOVIL  Nº  18  NEGRO.,0,PZA,0,1.5
1715,CABLE   PARLANDE  ARG.  ROJO.,-2,PZA,0,1.899999976158142
1716,CORRUG.  PLASTICO.,0,PZA,0,7.0
1717,CORR.  DENT.  MITSUBA  94ZA19  TB036.,1,PZA,0,79.0
1718,BENDIX    NISSAN  0 499.,5,PZA,0,130.0
1719,BENDIX  CHEROKEE  0 597.,3,PZA,0,110.0
1720,BENDIX  MERCED.  0575.,3,PZA,0,95.0
1721,BENDIX  FORD  EXPLOR.  1192.,0,PZA,0,112.0
1722,CORRUG.  GRUESO  PLASTICO.,0,PZA,0,9.0
1723,CORRUG.   PLASTICO  MEDIANO.,1,PZA,0,7.5
1724,CORRUG.  DELGADO  PLASTICO.,0,PZA,0,6.0
1725,ROMPE  NIEBL.  CUADRA.  METALI.,4,PZA,0,65.0
1726,BOM.  GMB   AGUA   83A  TOY  COR.,0,PZA,0,250.0
1727,MOÑON  DE  DIREC.  SHEBUMI  45046 - 19175  TOY.,5,PZA,0,45.0
1728,PORTA  FUSIBLE  C.  AMARILL.  6 CONT.,1,PZA,0,29.0
1729,PORTA  FUSIBLE  C  AMARILL.  DE 8  CONT.,0,PZA,0,32.0
1730,ANTENA   DE  GOMA  DE  PETA.,0,PZA,0,22.0
1731,ANTENA.  UNIV.  RECTO  .,-1,PZA,0,20.0
1732,TAPA   DISTR.  HEBARI  DC 344  MAZ.  HYU.,-1,PZA,0,38.0
1733,TAPA   DISTR.  HEBARI  DC- 350 .,0,PZA,0,38.0
1734,TAPA   DISTR.  HEBARI  DC-502  NIS.  SENT.,0,PZA,0,48.0
1735,TAPA   DISTR.  HEBARI  8.94322-990-0.  ISU. TROOP.,5,PZA,0,120.0
1736,LIQ.  HIDRAUL. STP  POWER  STEERING  946ML.,42,PZA,0,39.0
1737,LIMP.  INYECT.  ABRD  354ML.  ROJO.,0,PZA,0,29.0
1738,ADIT.  ABRD   CORONA  207ML.,2,PZA,0,38.0
1739,CONM.  C.  VERD.  NIS.  SIN  CABLE.,4,PZA,0,29.0
1740,ROTOR  BOSCH  9231081 712.,2,PZA,0,25.0
1741,ROTOR  DOCHS  400   21-552.,4,PZA,0,25.0
1742,FAROL  REDONDO  KOETO  TAIW. 12V.,-1,PZA,0,35.0
1743,ROTOR  Z20  JAPONES. NR-81,37,PZA,0,25.0
1744,CHIC.  OLIMP.  1119.  VOLW.,2,PZA,0,95.0
1745,RELAY  CAMBIA.  LUZ  ALTA Y BAJA  TAIW.,1,PZA,0,28.0
1746,INTERR.  MARIELIA   DE PIE  ALTA Y BAJA.,2,PZA,0,30.0
1747,MOD. DE  ENCENDIDO  BOSCH  087-004  VOLW.  PASAT.,0,PZA,0,350.0
1748,MOD.  DE  ENCENDIDO  GUAS  GA058  FORD.,2,PZA,0,120.0
1749,SAPIDOS  DE  PARAB. TYPE A  CON LUZ.,2,PZA,0,40.0
1750,CIGARRERA  SUELDO  TYPE R  ESTUC.,2,PZA,0,15.0
1751,BUL.   ACEIT.  CAJ.  AZUL  DE  PRES.  R. DELG.,1,PZA,0,38.0
1752,BUL.   ACEIT.  CAJ. AZUL  R.  GRUE.  PRESION.,4,PZA,0,38.0
1753,BUL.  ACEIT.  HEBARI  TGS-485  TOY.,4,PZA,0,20.0
1754,CHAP.  PUERT.  UNIV. CAJA  AZUL.,1,PZA,0,18.0
1755,REG.  GAUS  GA  200  PASTILLA  CHEV.,0,PZA,0,30.0
1756,TAPA   DE   ACEIT.   APM 403007.,2,PZA,0,23.0
1757,CHAP.  CONTAC.  DE  PETA.,5,PZA,0,62.0
1762,GRAS.  GOLDEN  450 GRA.  GRAFITOL  JUNTA.,17,PZA,0,35.0
1763,LIMP.  INYECT.  PRESTONE  473ML  AMARR.,1,PZA,0,35.0
1764,SILIC.  SIMONIZ   UV3  300ML  CHICLE  MEDIANO.,-2,PZA,0,33.0
1765,ALOG.  TAIW.  12 V.  9007  100/90W.,44,PZA,0,25.0
1766,INTERR.  BOC.  NEGR.  NEGR.  TAIW.,3,PZA,0,13.0
1767,INTERR.  BOC.  NEGR.  ROJO  TAIW.  CRUES.,17,PZA,0,13.0
1768,TAP.  RAD.  SENKEI  TAIW.  CHICO  NOR.,-14,PZA,0,25.0
1769,TAP.  RAD.  SENKEI  TAIW.  MODR.  CHICO.,5,PZA,0,22.0
1770,TAP.  RAD.  SENKEI  TAIW.  GRAND.,20,PZA,0,26.0
1771,TAP.  RAD.  CAUTION  TAIW.  CHICO  MOD.,1,PZA,0,28.0
1772,TAP.  RAD.  CAUTION  TAIW.  GRANDE.,2,PZA,0,33.0
1773,RELAY  TOYOTA  90987-04002  DENSO.,0,PZA,0,28.0
1774,RELAY  TOYOTA  90987-02006  DENSO.,0,PZA,0,28.0
1775,MANG.  SIL.  TRANS.  3MM. INT.  X  7MM. EXT.,107,PZA,0,7.0
1776,ALOG.  TAIW.  H3 24V.  NARVA.,9,PZA,0,15.0
1777,ABRAZ.  TAIW.  8-12,0,PZA,0,2.5
1778,ABRAZ.  TAIW.  10-16.,0,PZA,0,2.5
1779,BAT.  TOYO  150 AH.  12V.,0,PZA,0,1300.0
1780,ROMPE  NIEBL   MASTER  BLANCO.,0,PZA,0,150.0
1782,MANG.  SIL.  TRANS.  6MM. INT.  10MM EXT.,107,PZA,0,8.5
1783,ORIEN  PEQ.,0,PZA,0,2.0
1784,FIL.  ACEIT.  FDP.  FH486.,16,PZA,0,60.0
1785,FIL.  FDP.  COMB.  FP - 1104. N. COND. CATARP.,9,PZA,0,55.0
1786,FIL.  ACEIT.  HIGHFIL  FH  2862.,19,PZA,0,30.0
1787,BUJ.  BOSCH  FR 78 NX  LARGAS   MOD.,14,PZA,0,46.0
1788,BAT.  TOYO   BT63R  63AH.,-2,PZA,0,590.0
1789,BAT.  TOYO   40 AH.  N40 R.,1,PZA,0,500.0
1790,BOBI.  BOCSH  PLOMA  081  039 .,22,PZA,0,215.0
1791,ORING   2.90 X 1.78   A-006.,0,PZA,0,2.0
1792,ORING   A- 006   2.90 X 1.78,20,PZA,0,2.0
1793,ORING   A-007   3.68 X 1.78.,20,PZA,0,2.200000047683716
1794,ORING   A-008   4.47 X 1.78.,20,PZA,0,2.200000047683716
1795,ORING   A-009   5.28 X 1.78.,0,PZA,0,2.5
1796,ORING   A-010   6.07 X 1.78.,20,PZA,0,2.5
1797,ORING   A-011   7.65 X 1.78.,17,PZA,0,2.5
1798,ORING   A-012   9.25 X 1.78.,20,PZA,0,2.5
1799,ORING   A-110   9.19 X 2.62.,9,PZA,0,2.5
1800,ORING   A-111   10.77 X 2.62.,13,PZA,0,2.5
1801,ORING   A-112   12.37 X 2.62.,9,PZA,0,2.5
1802,ORING   A-113   13.94 X 2.62.,13,PZA,0,2.700000047683716
1803,ORING   A-114   15.54 X 2.62.,13,PZA,0,2.700000047683716
1804,ORING   A-115   17.12 X 2.62.,13,PZA,0,2.700000047683716
1805,ORING   A-116   18.72 X 2.62.,12,PZA,0,3.0
1806,ORING   A-210   18.64 X 3.53.,5,PZA,0,3.5
1807,ORING   A-211   20.22 X 3.53.,10,PZA,0,3.5
1808,ORING   A-212   21.82 X 3.53.,10,PZA,0,3.5
1809,ORING   A-213   23.39 X 3.53.,10,PZA,0,3.5
1810,ORING   A-215   26.57 X 3.53.,9,PZA,0,4.0
1811,ORING   A-216   28.17 X 3.53.,10,PZA,0,4.0
1812,ORING   A-217   29.74 X 3.53.,10,PZA,0,4.5
1813,ORING   A-217   29.74 X 3.53.,0,PZA,0,4.5
1814,ORING   A-218   31.34 X 3.53.,10,PZA,0,4.5
1815,ORING   A-219   32.92 X 3.53.,10,PZA,0,4.5
1816,ORING   A-219   32.92 X3.53.,0,PZA,0,4.5
1817,ORING   A-220   34.52 X 3.53.,10,PZA,0,5.0
1818,ORING   A-221   36.09 X 3.53.,9,PZA,0,5.0
1819,ORING   A-222   37.69 X 3.53.,10,PZA,0,5.0
1820,ORING   A-325   37.46 X 5.33.,7,PZA,0,10.0
1821,ORING   A-326   40.65 X 5.33.,7,PZA,0,10.0
1822,ORING   A-327   43.81 X 5.33.,7,PZA,0,12.0
1823,ABRAZ.  T-9 W1  8-12.,0,PZA,0,3.0
1824,ABRAZ.  T-9 W1  8-16.,0,PZA,0,3.5
1825,ABRAZ.  T-9 W1  12-22.,-1,PZA,0,4.5
1826,ABRAZ.  T-9 W1  16-27.,0,PZA,0,4.5
1827,ABRAZ.  T-9 W1  20-32.,0,PZA,0,4.599999904632568
1828,ABRAZ.  T-9 W1  25-40.,0,PZA,0,5.0
1829,ABRAZ.  T-9 W1  30-50.,0,PZA,0,5.199999809265137
1830,ABRAZ.  T-9 W1  40.60.,0,PZA,0,6.0
1831,ABRAZ.  T-9 W1  50.70.,0,PZA,0,6.199999809265137
1832,ABRAZ.  T-9 W1  60-80.,0,PZA,0,6.5
1833,FOCO  LED  ROJO  12V.  CD 588   ESTUCH.,23,PZA,0,6.0
1834,CORR.  MITSUBOSHI  13X1300  A 51,0,PZA,0,35.0
1835,RODAM.  TAIW.  KOYO  608 ZZ  PUERTA.,11,PZA,0,10.0
1836,RODAM.  TAIW.  KOYO  609 ZZ  PUERTA.,3,PZA,0,10.0
1837,GRAS.  GOLDEN  ALKITRAX  250 GRS.  JUNTA.,50,PZA,0,20.0
1838,TAPA   DISTR.  BOSCH  081  711   PASAT.,6,PZA,0,55.0
1839,CARBON  DE  ARRAN. FSK - 194/195  ISUZU  HUNDA.,-4,PZA,0,18.0
1840,AMBIEN.  ROYAL  PINE.,3,PZA,0,6.0
1841,AMBIEN.  RAINBOW  RUSH.,0,PZA,0,6.0
1842,AMBIEN.  WILD  CHERRY.,0,PZA,0,6.0
1843,AMBIEN.  VANILLA  PRIDE.,0,PZA,0,6.0
1844,CONM.  C.  VERD. RD13045.  4  CABL. CONEC. BLANC.,-1,PZA,0,35.0
1845,CABL.  DE  BATERIA  FDP.  1101.,6,PZA,0,45.0
1846,CABL.  DE  BATERIA  FDP.  1102.,6,PZA,0,50.0
1847,CABL.  DE  BATERIA  FDP.  1103.,6,PZA,0,51.0
1848,CABL.  DE  BATERIA  FDP.  1104.,7,PZA,0,54.0
1849,CABL.  DE  BATERIA  FDP.  1105.,7,PZA,0,56.0
1850,CABL.  DE  BATERIA  FDP.  1106.,7,PZA,0,58.0
1851,CABL.  DE  BATERIA  FDP.  1107.,7,PZA,0,55.0
1852,CABL.  DE  BATERIA  FDP.  1108.,7,PZA,0,54.41999816894531
1853,CABL.  DE  BATERIA  FDP.  1109.,7,PZA,0,60.0
1854,CABL.  DE  BATERIA  FDP.  1110.,6,PZA,0,62.25
1855,CABL.  DE  BATERIA  FDP.  1112.,13,PZA,0,81.0
1856,CABL.  DE  BATERIA  FDP.  1113.,7,PZA,0,82.0
1857,CABL.  DE  BATERIA  FDP.  1114.,2,PZA,0,87.0
1858,REG.  NEW-ERA  DE  2  SALIDAS  267.,12,PZA,0,60.0
1859,ABRAZ.  TRIDON  T-9W1  8-12.,0,PZA,0,3.599999904632568
1860,ABRAZ.  TRIDON  T-9W1  8-16.,2,PZA,0,3.819999933242798
1861,ABRAZ.  TRIDON  T-9W1  12-22.,18,PZA,0,4.239999771118164
1862,ABRAZ.  TRIDON  T-9W1  16-27.,27,PZA,0,4.449999809265137
1863,ABRAZ.  TRIDON  T-9W1  20-32.,25,PZA,0,4.659999847412109
1864,ABRAZ.  TRIDON  T-9W1  25-40.,7,PZA,0,4.869999885559082
1865,ABRAZ.  TRIDON  T-9W1  30-50.,6,PZA,0,5.309999942779541
1866,ABRAZ.  TRIDON  T-9W1  40-60.,17,PZA,0,5.519999980926514
1867,ABRAZ.  TRIDON  T-9W1  50-70.,20,PZA,0,6.039999961853027
1868,ABRAZ.  TRIDON  T-9W1  60-80.,20,PZA,0,6.570000171661377
1869,ABRAZ.  TRIDON  90-110T-9W1.,6,PZA,0,7.320000171661377
1870,ABRAZ.  TRIDON  80-100T-9W1.,0,PZA,0,7.0
1871,ABRAZ.  TRIDON  70-90T-9W1.,0,PZA,0,6.78000020980835
1872,ABRAZ.  TRIDON  100-120T-9W.,8,PZA,0,7.949999809265137
1873,ALTER.  TOY  CHICO  ELECTR.,2,PZA,0,350.0
1874,ALTER.  TOY  LOBO  ELECTR.,0,PZA,0,350.0
1875,ALTER.  SUBARU  RECTA  HITACHI.,0,PZA,0,550.0
1876,ALTER.  NISAN  23100 OM810  80 AH.,0,PZA,0,390.0
1877,ALTER.  TOY.  ELECTR.  MODER.  COROLLA.,1,PZA,0,390.0
1878,ALTER.  NISSAN  RECTA.  70AH.,0,PZA,0,390.0
1879,MOTOR  DE  ARRAN.  TOY.  CORR.,0,PZA,0,300.0
1880,AMBIEN.  TAIW.  DEFERE,234,PZA,0,4.0
1881,SILIC.  SIMONIZ  SPRAYT  PRESA.,-2,PZA,0,33.0
1882,SILIC.  SIMONIZ  SPRAYT  AROMA.,0,PZA,0,33.0
1883,SILIC.  SIMONIZ  SPRAYT  CITRUS.,-1,PZA,0,33.0
1884,FIL.  GAS.  CAJA  BLACA   TOY.  COR.  ABRAZ.,0,PZA,0,40.0
1885,FLASH.  TOY.  NEGRO  CERAD.  3 PAT.,12,PZA,0,25.0
1886,FLASH.  TOY.  NEGR.  LETR.  AZUL   3 CONT.  ABIERT. 12070.,106,PZA,0,30.0
1887,FLASH.  TOY.  PLOM.  3 PATAS  CERAD.  ELECTR.  36010.,20,PZA,0,25.0
1888,INTERR.   PARQUE.  TOY. SIM.  CUATR. LAR.  ROJO.,16,PZA,0,45.0
1889,INTERR.   PARQUE.  TOY.  RECTAN.  ROJO  CORTO 3C04.,15,PZA,0,45.0
1890,INTERR.  VENT.  PLOMO  TP1916  MODER.,5,PZA,0,48.0
1891,TAP.  RAD.  HIBARI  16401-71010. TOY. FJ 70/3L,59,PZA,0,22.0
1892,FIL.  GAS  PROSAT  23300-31100   CORB.  CON  SEG.,43,PZA,0,45.0
1893,FIL.  HIBARI   GAS.  23300 - 87403 TOY. NEG. DELG.  LAND. CRU.,-34,PZA,0,45.0
1894,RESIST. HIBARI  TYPE  1.5 0HM.  R-052.,35,PZA,0,15.0
1895,PAST.  FRENO  ICHIBAN  CALDEN.  42011-MT.,42,PZA,0,85.0
1896,COOR.  BANDO  A 22.,4,PZA,0,23.89999961853027
1897,COOR.  BANDO  A 23.,2,PZA,0,24.23999977111816
1898,COOR.  BANDO  A 24.,4,PZA,0,24.35000038146973
1899,CORR.  BANDO  A 25.,3,PZA,0,24.45999908447266
1900,CORR.  BANDO  A 26.,4,PZA,0,24.55999946594238
1901,CORR.  BANDO  A 27.,5,PZA,0,24.67000007629395
1902,CORR.  BANDO  A 28.,0,PZA,0,24.78000068664551
1903,CORR.  BANDO  A 29.,2,PZA,0,24.88999938964844
1904,CORR.  BANDO  A 30.,2,PZA,0,25.0
1905,CORR.  BANDO  A 31.,4,PZA,0,25.34000015258789
1906,CORR.  BANDO  A 32.,2,PZA,0,26.1200008392334
1907,CORR.  BANDO  A 33.,3,PZA,0,26.68000030517578
1908,CORR.  BANDO  A 34.,2,PZA,0,27.22999954223633
1909,CORR.  BANDO  A 35.,2,PZA,0,27.79000091552734
1910,CORR.  BANDO  A 36.,1,PZA,0,28.35000038146973
1911,CORR.  BANDO  A 37.,2,PZA,0,28.90999984741211
1912,CORR.  BANDO  A 38,2,PZA,0,29.45000076293945
1913,CORR.  BANDO  A 39.,4,PZA,0,30.0
1914,CORR.  BANDO  A 40.,3,PZA,0,30.57999992370605
1915,CORR.  BANDO  A 41.,3,PZA,0,31.1299991607666
1916,CORR.  BANDO  A 42.,0,PZA,0,28.20000076293945
1917,CORR.  BANDO  A 43.,4,PZA,0,32.2400016784668
1918,CORR.  BANDO  A 44.,4,PZA,0,32.79999923706055
1919,CORR.  BANDO  A 45.,2,PZA,0,33.13000106811523
1920,CORR.  BANDO  A 46.,2,PZA,0,33.56000137329102
1921,CORR.  BANDO  A 47.,4,PZA,0,34.11999893188477
1922,CORR.  BANDO  A 48.,10,PZA,0,34.68000030517578
1923,CORR.  BANDO  A 49.,-1,PZA,0,35.36000061035156
1924,CORR.  BANDO  A 50.,1,PZA,0,35.36000061035156
1925,CORR.  BANDO  A 51.,2,PZA,0,35.47000122070312
1926,CORR.  BANDO  A52,4,PZA,0,35.47000122070312
1927,CORR.  BANDO  A 53.,3,PZA,0,39.09999847412109
1928,CORR.  BANDO  A 54.,5,PZA,0,36.45999908447266
1929,CORR.  BANDO  A 55.,7,PZA,0,36.68000030517578
1930,CORR.  BANDO  A 56.,0,PZA,0,36.68000030517578
1931,CORR.  BANDO  A 57.,4,PZA,0,38.56999969482422
1932,CORR.  BANDO  A 58.,3,PZA,0,38.56999969482422
1933,CORR.  BANDO  A 59.,6,PZA,0,38.56999969482422
1934,CORR.  BANDO  A 60.,5,PZA,0,38.56999969482422
1935,CORR.  BANDO  A 61.,0,PZA,0,40.02999877929688
1936,CORR.  BANDO  A 62.,3,PZA,0,40.02999877929688
1937,CORR.  BANDO  A 63.,4,PZA,0,40.34999847412109
1938,CORR.  BANDO  A 64.,2,PZA,0,40.34999847412109
1939,CORR.  BANDO  A 65.,6,PZA,0,40.56999969482422
1940,CORR.  BANDO  A 66.,2,PZA,0,40.56999969482422
1941,CORR.  BANDO  A 67.,2,PZA,0,41.13000106811523
1942,CORR.  BANDO  A 68.,0,PZA,0,41.13000106811523
1943,CORR.  BANDO  A 69.,2,PZA,0,42.34999847412109
1944,CORR.  BANDO  A 70.,1,PZA,0,42.34999847412109
1945,CORR.  BANDO  A 71.,2,PZA,0,43.13000106811523
1946,CORR.  BANDO  A 72.,2,PZA,0,43.36000061035156
1947,CORR.  BANDO  A 73.,4,PZA,0,43.36000061035156
1948,CORR.  BANDO  A 74.,5,PZA,0,43.36000061035156
1949,CORR.  BANDO  A 75.,2,PZA,0,44.25
1950,FIL.  GAS.  NPPN  23300-79335  C. GUENDO. MITS.,-18,PZA,0,45.0
1951,SILIC.  SAPOLIO  GATILL.  670ML.,0,PZA,0,29.0
1952,PRUCHES  DE  TAPIZ.,1767,PZA,0,1.0
1953,PONCHILLOS  DE MOÑON.,-5,PZA,0,6.0
1954,SAPITO  DE  PARABRESAS.,-1,PZA,0,45.0
1955,BOM.  NUK  KEP-27   GAS.  GRANDE  REF.,56,PZA,0,250.0
1956,BOM.  NUK  KEK-07  GAS.  CHIC.  MOCHILA.,8,PZA,0,190.0
1957,BOM.  NUK  KEP-10  GAS.  RECTA  UNIV.,11,PZA,0,195.0
1958,BOM.  NUK  KEP-35  GAS.  SUZUKI  UNIV.,4,PZA,0,190.0
1959,BOM.  JAPAN  HEP-02  GAS.  RECTA  UNIV.  C.R.A.,-16,PZA,0,450.0
1960,CHAP.  CONTAC. UNIV.  DREIK  ORIG.  DIS 3850  JAPAN.,-1,PZA,0,120.0
1961,PAST.  FRENO  ICHIBAN  7152-D241  TOY.  CORLL.,81,PZA,0,80.0
1962,FIL.  AIRE  NNP  17801 - 74010  16X22.,2,PZA,0,45.0
1963,FIL.  AIRE  FILGO  1780 -11050  18X17. STARL.,33,PZA,0,40.0
1964,SILIC.  POWER  EAGLE  LAVENDER  450ML.,-29,PZA,0,23.0
1965,FIL.  AIRE  AIR  FILTER  17801 - 35020  25X17.,7,PZA,0,45.0
1966,BOCI.  ARG.  PLANA  1 S.  CAJA NEG. 12V.,0,PZA,0,65.0
1967,ROTULAS  DE  CREMALLERA,0,PZA,0,45.0
1968,REG.  NUW  ERA  DE  2  SALI.,0,PZA,0,65.0
1969,MANG.  GOMA  5/16  HIDRAUL.  OLEO,155,PZA,0,23.0
1970,EXTINGUIDOR  1/2  KILO,0,PZA,0,72.0
1971,EXTINGUIDOR  2 KILO,3,PZA,0,120.0
1972,EXTINGUIDOR   DESECHABLE.,0,PZA,0,59.0
1973,BOTIQUIN   CERADO.,2,PZA,0,38.0
1974,BOTIQUIN  CON  VENTANA.,4,PZA,0,30.0
1975,MANG.  GOOD  YEAR  5/8  SPT  300.,0,PZA,0,38.0
1976,MANG.  GOOD  YEAR  3/4.,0,PZA,0,35.0
1977,FIL.  FDP.  COMB.  FP 412.,3,PZA,0,28.0
1978,FIL.  FDP.  COMB.  FP 4160. R,2,PZA,0,28.0
1979,FIL.  ACEIT.  FDP.  ELEM.  FE05  TRILLO  GRANDE.,44,PZA,0,23.0
1980,FIL.  ACEIT.  FDP.  ELEM.  FE01  TRILLO  MEDIANO.,95,PZA,0,22.0
1981,FIL.  COMB.  FDP.  ELEM.  FF01  TRILLO  CHICO.,5,PZA,0,18.0
1982,FIL.  HIGHFIL  BF  707  THE012  C.  VERD.,-5,PZA,0,18.0
1983,FIL.  HIGHFIL  THE011  MANN  P707  C.  VERDE.,3,PZA,0,18.0
1984,SILIC.  POWER EAGLE  VANILLA  450ML.,13,PZA,0,23.0
1985,CORR.  GOOD  YEAR  10AV  1250.,1,PZA,0,45.0
1989,CORR.  GOOD  YEAR  4PK  920.,1,PZA,0,55.0
1990,FUSIBLE  ORIG.  CUÑA  M.  30  AH.,124,PZA,0,2.0
1991,BENDIX  0932  ZEN  GOLF  AUDI  ESAT.,3,PZA,0,220.0
1992,BENDIX  0933  ZEN  GOL  PARATI.,3,PZA,0,195.0
1993,ADIT.  CYCLO  ETER  STARTING  FLUID  304G.,14,PZA,0,34.0
1995,EMP.  COL.  OSAKA  TOY.  5AF  15072  SL.,0,PZA,0,38.0
1996,EMP.  COL.  OSAKA  TOY.  2E  11010  SL.,0,PZA,0,38.0
1997,EMP.  COL.  OSAKA  TOY.  2E 11010  SL.,1,PZA,0,38.0
1998,EMP.  COL.  OSAKA  TOY.  5AF  15072  SL.,0,PZA,0,38.0
1999,EMP.  COL.  AMC  CN38200  Z20  URVA  2000CC.,0,PZA,0,45.0
2000,TAPON  M.  PRONCE  40.,1,PZA,0,8.0
2001,TAPON  M.  PRONCE  2.,0,PZA,0,11.0
2002,TAPON  M.  PRONCE  1  5/8.,0,PZA,0,8.0
2003,TAPON  M.  PRONCE  1  1/4.,0,PZA,0,7.5
2004,TAPON  M.  PRONCE  32.,2,PZA,0,6.0
2005,TAPON  M.  PRONCE  30.,2,PZA,0,6.0
2006,TAPON  M.  PRONCE  25.,2,PZA,0,5.5
2007,TAPON  M.  PRONCE  32.,4,PZA,0,6.0
2008,TAPON  M.  PRONCE  1  3/4.,1,PZA,0,9.0
2009,TAPON  M.  PRONCE  28.,1,PZA,0,5.5
2010,TAPON  M.  PRONCE  20.,4,PZA,0,4.0
2011,TAPON  M.  PRONCE  1.,2,PZA,0,4.0
2012,TAPON  M.  PRONCE  5/8.,0,PZA,0,3.5
2013,TAPON  M.  PRONCE  SIN  N.,0,PZA,0,7.0
2014,TAPON  M.  METAL  1.,8,PZA,0,6.0
2015,TAPON  M.  METAL  1  5/8.,3,PZA,0,10.0
2016,TAPON  M.  METAL  1  1/4.,3,PZA,0,7.0
2017,CADENA  NPC  GRANDE  DOBLE.,0,PZA,0,55.0
2018,CADENA  NPC  MEDIA.  SIMPL.,0,PZA,0,45.0
2019,CADENA  NPC  CHICA  13506  25010.,0,PZA,0,45.0
2020,BOBI.  HIBARI  29700  6020  3  SALIDAS.,-3,PZA,0,140.0
2021,GRASIRA  V  GRAND.,0,PZA,0,7.0
2022,GRASIRA  MEDIANO  RECT.,0,PZA,0,5.0
2023,GRASIRA  CHICO  RECT.,0,PZA,0,5.0
2024,SILLO  NPW  BOM.  DE  AGUA.,0,PZA,0,25.0
2025,TAPAS  PUNTA  EJE RUEDA.,0,PZA,0,10.0
2026,SINCRON.  RING  32607-58S00.    2261.,0,PZA,0,28.0
2027,SINCRON.  RING  3368-12012   1062.,0,PZA,0,28.0
2028,BOBI.  HIBARI  GT63  NORML.  NEGR.,36,PZA,0,120.0
2029,FIL.  HIBARI  GAS. SW604437-7   NOA.,5,PZA,0,40.0
2030,FIL.  HIBARI  GAS. 23300 - 74300   IPSUN. TOY.,27,PZA,0,40.0
2031,INTERR.   PARQUE  NEG.  CHI. 4 TERM. ROJ.,1,PZA,0,20.0
2032,GROSETA  DIRECC.  NEG.  CUMPL.,1,PZA,0,45.0
2033,ROMPE  NIEBL.  ZAPATIDOS  VERDE.,0,PZA,0,18.0
2034,ROMPE  NIEBL.  ZAPATIDO  PLANCO.,0,PZA,0,18.0
2035,ROMPE  NIEBL.  ZAPATIDO  ROJO.,0,PZA,0,18.0
2036,PLAQUE.  COBRE  GRAND.  24V.,0,PZA,0,10.0
2037,CHAP.  CONTAC. UNIV. TAIW. GENERAL  C. NEGRA.,76,PZA,0,28.0
2038,FIL.  NIPON  GAS.  SW604437 - 7  CAJ.  ROJO  AZUL  NOHA.,35,PZA,0,45.0
2039,BOM.  NUK  KEP-73  GRAND.  TAN.  LARG.,15,PZA,0,290.0
2040,BOBI.  HIBARI  SECA.,28,PZA,0,120.0
2041,ACEIT.  YPFB  85W140   BAL.  DE CORONA.,1,PZA,0,430.0
2042,CABL.  DE  BATERIA  FDP  1111.,5,PZA,0,90.0
2043,CABL.  DE  BATERIA  FDP  1118.,5,PZA,0,170.0
2044,FIL.  ACEIT.  HIGHFIL  423135.,9,PZA,0,45.0
2046,LIQ.  HIDRAUL.  POWER  STP  FLUID  354ML. AZUL CHI.,22,PZA,0,23.0
2047,FIL.  AIRE  SURI  SFA  4375.,12,PZA,0,95.0
2048,TRECITA  DE  CAJA  GUENDO.,1,PZA,0,55.0
2049,FIL.  AIRE  NPPN  13780 - 79210  SUZUK.  CARRY.,6,PZA,0,38.0
2050,FIL.  AIRE  NPPN  TOY.  LARG.  UNIV.  CAJ.  GUEND.,0,PZA,0,40.0
2051,FIL.  GAS.  NPPN   NOA  CAJ. GUEND.,50,PZA,0,40.0
2053,BOM.  NPC  DE  AGUA  1RZ  C.  ROJ. Y BLAN.,4,PZA,0,170.0
2054,BOM.  NPC  DE  AGUA  3S  TOY.  CALD.,25,PZA,0,160.0
2055,BOM.  NPC  DE  AGUA  5E  CAJ.  ROJ.  BLAN.,3,PZA,0,160.0
2056,BOM.  NPC  DE  AGUA  NA20  TOY.,9,PZA,0,170.0
2057,FIL.  AIRE  AIR  FILTER  17801 - 11090  TOY. CUAD.,4,PZA,0,40.0
2058,BOC.  ITALY  CARACOL  BIDUE.,3,PZA,0,150.0
2059,FIL.  BOSCH  GAS.  450  239  PLAST.  CON  SEG.,35,PZA,0,95.0
2060,FIL.  ACEIT.   OBSERV. MED.  DE  N. CONDOR.,0,PZA,0,75.0
2061,ACEIT.  AMALIE  75W90   SYNTI   LITRO.,1,PZA,0,55.0
2062,ACEIT.  AMALIE  30  LITRO.,0,PZA,0,30.0
2063,LIQ.  HIDRAUL.  AMALIE  SYNTI.,0,PZA,0,50.0
2064,BOM.  GMB   AGUA  5A  ORIG.,1,PZA,0,210.0
2065,BOM.  GAS.  RECT.  FUEL  PUMP.  C. A. R. UNIV.,63,PZA,0,120.0
2066,FIL.  NIPON  GAS.  23300 - 75080  R. FINA  IGUA.  LOBO.,60,PZA,0,40.0
2067,TAP.  RAD.  VOLVO  TAIW.  C. VERD.  AZUL  BLAN.,30,PZA,0,20.0
2068,INTERR.  JAL.  TAIW.  1 TIEMP. MET.  MED. 106.,10,PZA,0,15.0
2069,ROD.  ICHIBAN  DAC3874W - 6CS84  P. EJ.,2,PZA,0,120.0
2070,ROD.  ICHIBAN  DAC3872W - 8CS81. P. EJ.,1,PZA,0,118.0
2071,BOC.  HELLA  TAIW.  CAJ.  AM. 12V.  PLANA. PAR.,23,PZA,0,35.0
2072,TAPA   DE  TAN.  GAS  CON  LLAV.  RUS. C. AZUL  Y BLAN.,2,PZA,0,22.0
2073,RELAY   BOSCH  T. 4  SAL.  CAJ.  AMAR.,43,PZA,0,28.0
2074,TERM.  TAIW. HEMBRA  MEDIA.,1194,PZA,0,1.0
2075,TERM.  TAIW.  MACHU  MED.,300,PZA,0,0.5
2076,TERM.  TAIW.  HOJAL  13  DELG.,500,PZA,0,0.5
2077,AGUJA   ELECTR.  MAG.  NISSAN  CON  GOMA.,2,PZA,0,28.0
2078,TAPA   DE  TAN.  PRES.  METALICO  TOY.  UNIV.  COR.,1,PZA,0,19.0
2079,SOQUET.  1 CONT.  PLAST.  TOY.  UNIV.  STOP  TRAS.,148,PZA,0,2.799999952316284
2080,BUL.  ACEIT.  SANKEI  TAIW.  DOP1136.,45,PZA,0,18.0
2081,BUL.  TEMP.  SANKEI  TAIW. TEMP.  MD091056.  KW-248.,30,PZA,0,23.0
2082,CHAP.  CONTAC. UNIV.  USA  TAIW.  CAJA  AZUL  BLANC.,19,PZA,0,30.0
2083,ALOG.  TAIW.  12V.  H1  BLANCO  NORM.,10,PZA,0,15.0
2084,ALOG.  TAIW.  12V.  H1  AZUL  NARVA.,10,PZA,0,15.0
2085,BOM.  GAS.  ZTRE  SUZUKI  C.  NEGRA.,-9,PZA,0,120.0
2086,CABL.  DE  ACELERADOR   HIBARI.,2,PZA,0,45.0
2087,CABL.  DE   FRENO.,20,PZA,0,18.0
2088,CABL.  DE  ACELERADOR   GRUESO    LARGO.,37,PZA,0,15.0
2089,ALOG.  TAIW.  12V.  H7  AZUL  NARVA  EN  CAJAS.,141,PZA,0,20.0
2090,ALOG.  TAIW.  12V.  H4  SIMPL.  100/90W.  NOR.,161,PZA,0,15.0
2091,ALOG.  TAIW.  12V.  H4  PROSAT  100/90W.  NORM.,573,PZA,0,25.0
2092,FIL.  ACEIT.  HIGHFIL  FH  513.,74,PZA,0,25.0
2093,CORR.  BANDO  B 28.,2,PZA,0,30.0
2094,CORR.  BANDO  B29.,2,PZA,0,31.0
2095,CORR.  BANDO  B30.,2,PZA,0,31.0
2096,CORR.  BANDO  B31.,2,PZA,0,32.0
2097,CORR.  BANDO  B32.,2,PZA,0,33.0
2098,CORR.  BANDO  B33.,2,PZA,0,34.0
2099,CORR.  BANDO  B34.,2,PZA,0,35.0
2100,CORR.  BANDO  B35.,2,PZA,0,36.0
2101,FIL.  GAS.  NPPN   FGI - 027M  NIS.  PLAT.  METALICO,0,PZA,0,25.0
2102,BOM.  GAS.  ZTRE  CAJ.  NEG.  GRAND.,-13,PZA,0,150.0
2103,FIL.  GAS.  MOTOR  PARTS  EN V  ABIERDO  BAJO.,35,PZA,0,10.0
2104,FIL.  NIPON  GAS.  23300 - 74300  TOY.  IPSUN.,1,PZA,0,40.0
2105,FIL.  HIBARI  GAS.  23300 - 75080  R.  FINA  E.  LOBO.,3,PZA,0,40.0
2106,FIL.  HIBARI  GAS.  MB - 504752  R. FINA  IGUA.  LOBO.,11,PZA,0,40.0
2107,BUJ.  BOSCH  FR7DCX  + RUS.  DELG.  TOY. +11,40,PZA,0,19.0
2108,FIL.  AIRE  FDP.  FA  342E  NIS. CONDOR.,6,PZA,0,195.0
2109,FIL.  ACIET.  FDP.  FH3555  VOLVO  FH 12.,29,PZA,0,85.0
2110,FIL.  FDP.  COMB.  FP  4102R  VOLVO,35,PZA,0,38.0
2111,FIL.  ACIET.  FDP.  FH25.,15,PZA,0,35.0
2112,CABL.  BUJ.  SEIWA  90919 - 21316  2Y  3Y  4Y  HILUX  HIACE.,26,PZA,0,113.0
2113,CABL.  BUJ.  SEIWA  22450 - 27T86  NIS. NA16S  ATLAS  SEIWA.,7,PZA,0,130.0
2114,CABL.  BUJ.  SEIWA  22450 - 36N28  NIS.  NA20  URBAN  90.,10,PZA,0,130.0
2115,CABL.  BUJ.  SEIWA  22451 - KA002  SUB. E-F7  EF12  DOMINGO.,1,PZA,0,117.0
2116,CABL.  BUJ.  SEIWA  90919 - 22358  TOY.  1RZ  ELECT.,0,PZA,0,235.0
2117,CABL.  BUJ.  SEIWA  90919 - 21475  TOY.  1RZ  Z20  NA20.,4,PZA,0,140.0
2118,CABL.  BUJ.  SEIWA  90919 - 21366  TOY.  3A  2E  3A  4A.,19,PZA,0,123.0
2119,CABL.  BUJ.  SEIWA  90919 - 22386  TOY.  3S  4S - FE.,14,PZA,0,260.0
2120,CABL.  BUJ.  SEIWA  90919 - 21520 SE TOY.  4AGE  AE101  CORR.,3,PZA,0,205.0
2121,CABL.  BUJ.  SEIWA  90919 - 21585  SE TOY.  4SF CELI.  ESFE  CARINA.,1,PZA,0,250.0
2122,CABL.  BUJ.  SEIWA  90919 - 22211  TOY.  CORR. 4A  5AF.,26,PZA,0,175.0
2123,CABL.  BUJ.  SEIWA  90919-22389  TOY.  NOHA  3SFE  TOWNACE  96 - 010.,4,PZA,0,230.0
2124,REG.  NEW - ERA  IVR - 510J  ALTER.  TOY.  2E  5A  3Y.,11,PZA,0,165.0
2125,BAT.  TOYO  M.  12N9 - 3B  9AH.,1,PZA,0,180.0
2126,CORR.  BANDO  B36.,2,PZA,0,36.0
2127,CORR.  BANDO  B37,2,PZA,0,36.63999938964844
2128,CORR.  BANDO  B38.,2,PZA,0,37.0
2129,CORR.  BANDO  B39.,2,PZA,0,37.27000045776367
2130,CORR.  BANDO  B40.,2,PZA,0,38.0
2131,CORR.  BANDO  B41.,2,PZA,0,38.11000061035156
2132,CORR.  BANDO  B42.,2,PZA,0,38.7400016784668
2133,CORR.  BANDO  B43.,2,PZA,0,40.0
2134,CORR.  BANDO  B44.,2,PZA,0,40.0
2135,CORR.  BANDO  B45.,2,PZA,0,40.0
2136,CORR.  BANDO  B46.,2,PZA,0,41.0
2137,CORR.  BANDO  B47.,2,PZA,0,41.79000091552734
2138,CORR.  BANDO  B48.,2,PZA,0,41.79000091552734
2139,CORR.  BANDO  B49.,2,PZA,0,42.0
2140,CORR.  BANDO  B50.,2,PZA,0,42.41999816894531
2141,CORR.  BANDO  B51.,2,PZA,0,42.52000045776367
2142,CORR.  BANDO  B 54.,2,PZA,0,43.68000030517578
2143,CORR.  BANDO  B52.,2,PZA,0,43.15000152587891
2144,CORR.  BANDO  B  55.,2,PZA,0,44.20000076293945
2145,CORR.  BANDO  DIS.  B  88ZA19  BDO  CUAD.  A330L075.,1,PZA,0,75.0
2146,CORR.  BANDO  DIS.  B  91ZA19  CUAD.  A341L075.,1,PZA,0,75.0
2147,CORR.  B.  267S8M1304  27X163   REDON. 163S8M27  A513YS27   27X163.,1,PZA,0,194.0
2148,MANG.  CRIST.  MLLU - 3.0  3X7   LF - MCCR021.,50,PZA,0,6.0
2149,MANG.  CRIST.  MLLU - 6.0  6X10  LF - MCCR041.,49,PZA,0,8.0
2150,MANG.  CRIST.  MLLU - 8.0  8X12  LF - MCCR051.,46,PZA,0,10.0
2151,MANG.  MLLU  NEGR.  GOMA  B 5.0  5X9  V.,75,PZA,0,8.5
2152,FIL.  AIRE  AIR  FILTER  17801 - 21050.,6,PZA,0,40.0
2153,FIL.  AIRE  AIR  FILTER  17801 - 22020.,5,PZA,0,40.0
2154,FIL.  AIRE  TP - T - 74070.,0,PZA,0,40.0
2155,TAP.  RAD.  CAJA  GUENDO  ZE086 - 0.9K - 45.,409,PZA,0,10.0
2156,AFLOJT.  ZEPELIN  SPRAY  6X300.,8,PZA,0,19.0
2157,RELAY   MARELIA  24V  4 ENCH.  30 A.,10,PZA,0,35.0
2158,INDUC.  VW.  VOYAGE  1.6  12V.  1524.,1,PZA,0,320.0
2159,FLASH.  MARELIA  ELECTR.  11411  3  SAL.,30,PZA,0,40.0
2160,FIL.  GAS.  MOTOR  EN  T  BAJO  C.  ROJA. 23300-36020,181,PZA,0,13.0
2161,CILINDR.  DE  EMBRAG.  GBL.,3,PZA,0,95.0
2162,CILINDR.  DE  EMBRAG.  ALAN  LARGO   CLUTCH.,14,PZA,0,105.0
2163,FIL.  NIPON  GAS.  16400 -  72L00  NIS.  L.,56,PZA,0,28.0
2164,TAPA   DISTR.  OLIMP.  20370  GOL.  VOYAGE  SANTANA.,4,PZA,0,55.0
2165,TAPA   DISTR.  OLIMP.  20413  VW.  FIAT.  FORD.,4,PZA,0,35.0
2166,TAPA   DISTR.  OLIMP.  20556   GM.  CHEVROLET.,3,PZA,0,50.0
2167,TAPA   DISTR.  OLIMP.  20442  GOL.  VOYAGE  PARATI  FORD  ESCORT.,4,PZA,0,55.0
2168,HALOG.   NARVA  12V.  9007  65/55W.  48007.,2,PZA,0,65.0
2169,ESPAGUED   LISO  PVC  6MM.  DNI - 5036.,100,PZA,0,3.0
2170,ESPAGUED.   LISO  PVC  8MM.  DNI. - 5038.,100,PZA,0,3.5
2171,ESPAGUED.   CORRUG.  5.00MM.  DNI - 5255.,25,PZA,0,6.5
2172,ESPAGUED   CORRUG.  14.00MM.  DNI - 5264.,25,PZA,0,7.0
2173,BUL.  RETRO   OLIMP.  15222  RETRO  VW.  PETA.,6,PZA,0,30.0
2174,AUTOM.  ARR.  WAPSA  FORD  GM.  ZM  501.,2,PZA,0,150.0
2175,FIL.  AIRE  SURI  SFA  4727.,0,PZA,0,70.0
2176,FIL.  AIRE  SURI  SFA  4080.,2,PZA,0,75.0
2177,BAT.  BOSCH  S3  55D  55AH.  TAPA  NEGRA.,0,PZA,0,700.0
2178,BAT.  BOSCH  S3  55E  55AH  TAPA  NEGRA.,0,PZA,0,700.0
2179,FIL.  AIRE  MANN. C 2332   MIT.  MONTERO.,13,PZA,0,85.0
2180,BAT.  MOTO  6N4  2A  4.,0,PZA,0,150.0
2181,BAT.  MOTO  6N6  3B  1.,1,PZA,0,125.0
2182,BAT.  MOTO  12N10  3B.,8,PZA,0,240.0
2183,BAT.  MOTO  12N12  4A  1.,4,PZA,0,260.0
2184,BAT.  MOTO  12N14  3B.,0,PZA,0,280.0
2185,BAT.  MOTO  12N5  3B.,5,PZA,0,175.0
2186,BAT.  MOTO  YB25L  C.,-1,PZA,0,130.0
2187,BAT.  MOTO  YB3L  B.,1,PZA,0,155.0
2188,BAT.  MOTO  B38  6A.,0,PZA,0,225.0
2189,BAT.  MOTO  12N7  3B.,2,PZA,0,180.0
2190,BAT.  MOTO  12N9  3B.,-1,PZA,0,230.0
2191,BAT.  MOTO  12N9  4B.,0,PZA,0,250.0
2192,BAT.  MOTO  YTX4L  BS.,3,PZA,0,205.0
2193,BAT.  MOTO  YTX5L  BS.,-1,PZA,0,260.0
2194,BAT.  MOTO  YTX7A  BS.,-1,PZA,0,360.0
2195,BAT.  MOTO  YTX9   BS.,-1,PZA,0,420.0
2196,BAT.  MOTO  YB4L  B.,0,PZA,0,155.0
2197,BAT.  MOTO  YB5L  B.,1,PZA,0,190.0
2198,AMPERI  REINSA  30 AMP.,35,PZA,0,38.0
2199,RELAY   ARG.  24V.  5 SAL.  RE - 154  INVERSOR.,20,PZA,0,25.0
2200,CABLE  NARAN.  Nº  14.,225,PZA,0,2.0
2201,CABLE  NARAN.  Nº  16  ARG.,200,PZA,0,1.799999952316284
2202,FIL.  GAS.  NPPN  23300-79095  TOY.  CON  ABRAZ.,-20,PZA,0,30.0
2203,BUL.  TEMP.  SANKEI  MP005051  KW88  TEM.  TOY.,2,PZA,0,35.0
2204,LIQ.  HIDRAU.  TYPE  A  AMRILL.  NEGR.  ECONOMY.,0,PZA,0,22.0
2205,BAT.  TOYO   60 AH.  L  N50ZL.,8,PZA,0,650.0
2206,FIL.  HIBARI   GAS.  23300 - 75040 TOY. LAND  CRU.  CRUESO.,102,PZA,0,45.0
2207,PONCHI.  DE  MOÑON.,-8,PZA,0,6.0
2209,FIL.  ACEIT.  SURI  4006.,1,PZA,0,45.0
2210,FIL.  BOSCH  GAS.  450  144  PLAST.  CON  SIG.  GRUE.,5,PZA,0,115.0
2211,CABLE  ROJO  Nº  12.   ARG.,101,PZA,0,4.0
2212,BAT.  TOYO   BT45   45AH.  BAJA.,1,PZA,0,450.0
2217,BUJIAS  NGK  BCPR5EY-11  4120  DELG.,14,PZA,0,20.0
2218,HALOG.  TRIFA  H3  12V.  55W.  ALEMANA.,50,PZA,0,25.0
2219,FIL.  ACEIT.  FDP.  ELEM.  FE82  MERCED.,2,PZA,0,45.0
2220,FIL.  FDP.  COMB.  4165R   3/4.,29,PZA,0,35.0
2221,FIL.  AIRE  FDP  FA  Z9018  NIS.  CONDOR.,4,PZA,0,250.0
2222,FIL.  ACEIT.  FDP.  ELEM.  FE80   MERCED.,9,PZA,0,55.0
2223,FIL.  ACEIT.  FDP.  ELEM.  FE17  TOY.  LOBO.,30,PZA,0,30.0
2224,FIL.  AIRE  FDP.  FA780   VOLVO  COMPRES.,10,PZA,0,38.0
2225,FIL.  AIRE  FILGO  16546-76000  NIS.  VANT.,3,PZA,0,49.0
2226,BUJ.  BOSCH  WR8BC+  PETA  CORTA. +20,152,PZA,0,19.0
2227,GRAS.  YPFB  Nº 3  NEGR.  CON  AGAR.  800 GRA.,2,PZA,0,28.0
2228,PLAQUEDAS  DE  COBRE  PUNTA  ESQUEIR.,50,PZA,0,8.0
2229,BAT.  TOYO   45AH.  R  NS60R,1,PZA,0,520.0
2230,BAT.  TOYO   BT70L  70AH  BAJA.,4,PZA,0,680.0
2231,BAT.  TOYO   BT70 R  NORM.,10,PZA,0,690.0
2240,FIL.  ACEIT.  BESTE  BA  719-155  2825.  VAL.,0,PZA,0,45.0
2241,BAT.  EVERLITE  45AH.  D  VR45BD.,0,PZA,0,550.0
2242,BAT.  HELIAR  75 AH.  E  HE75NE  NEGRA  BAJA.,0,PZA,0,1050.0
2243,BAT.  HELIAR  75 AH.  D  HE75ND  NEGRA  BAJA.,0,PZA,0,1050.0
2244,FIL.  AIRE  BOSCH  324  GOLF  POLO  GOL.,3,PZA,0,95.0
2245,FIL.  AIRE  BOSCH  307  VOYAGE  PARATI  SANTANA  GOL  FORD.,0,PZA,0,70.0
2246,LIMP.  INJECTOR  CYCLO  350ML  BLANCO.,14,PZA,0,33.0
2247,FIL.  ACEIT.  HIGHFIL  DESIEL  PH140  NIS.  TERRANO.,3,PZA,0,35.0
2248,FIL.  ACEIT.  HIGHFIL  466634-3  VOLVO  GRANDE  PLANCO.,2,PZA,0,70.0
2249,FIL.  NIPON  GAS.  23300-79305  MITSU.  MONT.,17,PZA,0,45.0
2250,FIL.  FILGO  GAS.  23300-19285  TOY  CON  ABRAZ.,78,PZA,0,40.0
2251,PAST. DE  FRENO  T.  CORROLL.  FILGO.,3,PZA,0,75.0
2252,FIL.  AIRE  AIR  FILTER  17801 - 24010  TUWNAS.,6,PZA,0,48.0
2253,FIL.  AIRE  FILGO  17801-75010  TOY.  LOBO. FI-238.,2,PZA,0,65.0
2254,FIL.  AIRE  FILGO  17801-87717  TOY.  RED.  INTERM.,14,PZA,0,40.0
2255,BOM.  NUK  KEP-37  CUADRADO.,-5,PZA,0,180.0
2258,FIL.  ACEIT.  FDP.  FH49  VOLVO.,40,PZA,0,80.0
2259,BOBI.  IGNITION  COIL  C. ROJA  AMARILLO  HITACHI.,-14,PZA,0,80.0
2260,FIL.  ACEIT.  HIGHFIL  TH12001  IZUSU.,1,PZA,0,85.0
2261,CERA   TURTLE  MAX  VERDE  270 GR.,1,PZA,0,45.0
2262,POLI.  TURTLE  RUBBING  POL.  Nº 1  ITEQ.  ROJA.,17,PZA,0,30.0
2263,POLI.  TURTLE  POLISHI.   POL.  Nº 2  ITEQ.  VERDE.,19,PZA,0,30.0
2264,FIL.  GAS.  FUEL  FILTER  ROSEA  EN  L  RUS.  Y  TUBO.,6,PZA,0,45.0
2265,FIL.  NIPON  GAS.  23300 - 31100  TOY.  PRADO.,51,PZA,0,45.0
2266,CHIC.  BUJ.  SEIWA  90919-22389  NOHA  TAIW.  0317-1,84,PZA,0,130.0
2267,CHIC.  BUJ.  SEIWA  5A  CARB.  SIN  CODIG. TAIW.,14,PZA,0,120.0
2268,BOM.  NPC  DE  AGUA  5A  TOY.,-12,PZA,0,150.0
2269,ACEIT.  VALVOLINE  20W50  LITRO.,1,PZA,0,50.0
2270,ACEIT.  VALVOLINE  10W40  LITRO.,2,PZA,0,50.0
2271,ACEIT.  VALVOLINE  20W50  GALON.,1,PZA,0,190.0
2272,ACEIT.  VALVOLINE  10W40  GALON.,1,PZA,0,190.0
2273,FIL.  ACEIT.  SURI  7195.,0,PZA,0,45.0
2274,FOC. TAIW.  CUÑA  12V  1F. GRAND. JAPONES.,222,PZA,0,10.0
2275,FIL.  ACEIT.  SURI  5247E.,0,PZA,0,99.0
2276,FIL.  ACEIT.  SURI  5276E.,2,PZA,0,101.0
2277,GRAS.  OPTIMUS  TAPA  ROJA  BLANCO  ROD.,10,PZA,0,25.0
2278,FIL.  ACEIT.  SURI  5004.,0,PZA,0,30.0
2279,FIL.  ACEIT.  SURI  1A.,0,PZA,0,35.0
2280,FIL.  ACEIT.  SURI  4651.,2,PZA,0,45.0
2281,FIL.  ACEIT.  SURI  4302.,5,PZA,0,30.0
2282,FIL.  ACEIT.  SURI  1561.,1,PZA,0,45.0
2283,FIL.  ACEIT.  SURI  10011.,0,PZA,0,140.0
2284,LIQ.  FRENO   CASTROL  DOT4  12OZ.,4,PZA,0,45.0
2285,ACEIT.  AMALIE  85W140  GAL.  CORONA.,2,PZA,0,180.0
2286,FIL.  GAS.  NPPN  23300-74300  EPSUM.  TOY.,-11,PZA,0,35.0
2288,FIL.  GAS.  USE FOR TOYOTA  TRANS.  T  BAJO  24030.,239,PZA,0,10.0
2289,FIL.  ACEIT.  SURE  SF0  241.,0,PZA,0,30.0
2290,FOC.  TRIFA  12V.  CUÑA  UNIV. MEDIA  LUZ  GERM.,83,PZA,0,3.0
2291,FOC.  TRIFA  1  CONT.  12V. 21W.,31,PZA,0,4.0
2292,FOC.  TRIFA  2  CONT.  12V.  21/5W.  (3381),66,PZA,0,5.0
2293,GRAS.  YPFB  LITIOGRAS  Nº 2  BALDE.,0,PZA,0,460.0
2294,POLI.  RUBBING  COMPOUND  Nº2  ROJO.,1,PZA,0,35.0
2295,ORING  B -010  2.50X1.00  MIL.,13,PZA,0,0.9300000071525574
2296,ORING  B-012  3.00X1.00.,13,PZA,0,0.9300000071525574
2297,ORING  B-066  3.50X1.50.,12,PZA,0,1.179999947547913
2298,ORING  B-067  4.00X1.50.,12,PZA,0,1.179999947547913
2299,ORING  B-206  5.00X2.00.,18,PZA,0,0.6600000262260437
2300,ORING  B-208  6.00X2.00.,18,PZA,0,0.6600000262260437
2301,ORING  B-210  7.00X200.,18,PZA,0,0.7900000214576721
2302,ORING  B-212  8.00X2.00.,18,PZA,0,0.7900000214576721
2303,ORING  B-349  8.00X2.50.,13,PZA,0,1.590000033378601
2304,ORING  B-33351  9.00X2.50.,13,PZA,0,1.590000033378601
2305,ORING  B-353  10.00X2.50.,13,PZA,0,1.590000033378601
2306,ORING  B-356  11.50X2.50.,13,PZA,0,1.710000038146973
2307,ORING  B-359  13.00X2.50.,13,PZA,0,1.710000038146973
2308,ORING  B-361  14.00X2.50.,13,PZA,0,1.320000052452087
2309,ORING  B-363  15.00X2.50.,13,PZA,0,1.980000019073486
2310,ORING  B-367  17.00X2.50.,13,PZA,0,2.109999895095825
2311,ORING  B-369  18.00X2.50.,13,PZA,0,2.25
2312,ORING  B-578  21.00X3.00.,12,PZA,0,2.369999885559082
2313,ORING  B-583  23.00X3.00.,12,PZA,0,2.5
2314,ORING  B-585  24.00X3.00.,12,PZA,0,2.640000104904175
2315,ORING  B-590  26.00X3.00.,12,PZA,0,2.890000104904175
2316,ORING  B-595  28.00X3.00.,12,PZA,0,3.029999971389771
2317,ORING  B-599  29.50X3.00.,12,PZA,0,3.160000085830688
2318,ORING  B-602  31.00X3.00.,12,PZA,0,3.299999952316284
2319,ORING  B-604  32.00X3.00.,12,PZA,0,3.299999952316284
2320,ORING  B-608  33.50X3.00.,12,PZA,0,3.690000057220459
2321,ORING  B-612  35.00X3.00.,12,PZA,0,3.819999933242798
2322,ORING  B-617  37.00X3.00.,11,PZA,0,3.960000038146973
2323,ORING  B-622  39.00X3.00.,11,PZA,0,3.960000038146973
2324,ORING  B-1437  40.00X4.00.,9,PZA,0,6.210000038146973
2325,ORING  B-1440  43.00X4.00.,9,PZA,0,6.460000038146973
2326,ORING  B-2090  44.00X5.00.,7,PZA,0,8.1899995803833
2327,BUJ.  BOSCH  WR7DC+  RUS.  CRUESO. +1,16,PZA,0,18.89999961853027
2328,CHIC.  BUJ.  SEIWA  90919-22386  IPSUN  TAIW. 3S.,62,PZA,0,130.0
2329,ANTIC.  PRESTONE  LITR.  MEZCLADO  DERECT.,1,PZA,0,0.0
2330,CORR.  MITSUBOSHI  13X965  A 38,-2,PZA,0,30.0
2331,BOBI.  HITACHI  ROJO  ORIG.,2,PZA,0,160.0
2332,REG.  FD  ORIG.  TCB12-1  12V.  3  SALI. ELECMAN.,3,PZA,0,130.0
2333,SOQUET.  PLAST.  2  CONTAC.  TOY.  STOP  TRAS.,98,PZA,0,4.0
2335,SOQUET.  H4  AMARILLO  PRCLN.,24,PZA,0,5.0
2336,SOQUET.  H4  AZUL  PRCLN.,20,PZA,0,6.0
2337,FIL.  ACEIT.  FDP.  ELEM.  FE76   DOD.  400  VW.,70,PZA,0,25.0
2338,BAT.  TOYO  80AH  R    D-31R.,1,PZA,0,850.0
2339,BAT.  TOYO  80AH.  80D31RL  INVERTIDA.,2,PZA,0,850.0
2340,SILIC.  SIMONIZ  UV3  120ML.  CITRUS.,3,PZA,0,22.0
2341,SILIC.  SIMONIZ  UV3  120ML.  CHICLE.,1,PZA,0,22.0
2342,SILIC.  SIMONIZ  UV3  120ML.  FRESA.,8,PZA,0,22.0
2343,ADIT.  GUNK  STOP  SMOKIN  428ML.  ELIMIN.  HUMO.,0,PZA,0,31.0
2345,ANTIC.  ECOM  VERDE  LITR.  CONCENTRADO  117C.,15,PZA,0,35.0
2346,ANTIC.  ECOM  VERDE  GAL.  CONCENTR. 3.785L.,3,PZA,0,110.0
2347,LIMP.  ECOM  CARBURADOR  400G.  530ML.  ROJO.,3,PZA,0,33.0
2348,CORR.  MITSUBOSHI  13X1143  A 45,0,PZA,0,32.0
2349,LIMP.  ECOM  DESENGRASANTE  PARA  MOTOR  540ML.  VERDE.,18,PZA,0,40.0
2350,LIMP.  ECOM  CUERPO  DE  ACELERADOR   500ML. AZUL.,1,PZA,0,32.0
2351,LIMP.  ECOM  INYECTOR  SPRAY  540ML.  NEGRO.,8,PZA,0,55.0
2352,POLI.  SIMONIZ  RUBBING  COMP.  Nº1  T.  AMARILLO.,0,PZA,0,32.0
2353,CERA   SIMONIZ  ROJA  P. NUEVAS  200G.,1,PZA,0,29.0
2354,CERA   SIMONIZ  VERDE  200G.  TODO  CLAS.  PENTURAS.,1,PZA,0,32.0
2355,ALOG.  TAIW.  12V.  H4  SUPER  PLAZMA  H.I.D.,-49,PZA,0,15.0
2356,ACEIT.  VALVOLINE  85W140  LITRO.,10,PZA,0,70.0
2357,ACEIT.  VALVOLINE  80W90  LITRO.,4,PZA,0,70.0
2358,ACEIT.  VALVOLINE  5W30  FULL  SYNT.  LITRO.,1,PZA,0,110.0
2359,LIQ.  HIDRAUL.  VALVOLINE     III.,5,PZA,0,60.0
2360,ACEIT.  VALVOLINE  15W40  LITRO  388,2,PZA,0,65.0
2361,ACEIT.  VALVOLINE  15W40  GAL.  GAS.,-1,PZA,0,210.0
2362,LIQ.  HIDRAUL.  VALVOLINE  IV  LITRO,11,PZA,0,90.0
2363,ACEIT.  VALVOLINE  10W30  LITRO.,0,PZA,0,60.0
2364,ACEIT.  VALVOLINE  10W30  GAL.  GAS.,-3,PZA,0,210.0
2365,TRIANG.  PAR  SIN  CAJA  PATA  NEGRA  CON  BLANCO.,0,PZA,0,23.0
2366,FIL.  ACEIT.  MEGAFIL  2825   TOYOTA  MOTOR.,-13,PZA,0,20.0
2367,RELAY   BOSCH  5 PATAS  896  12V.  PORT.,1,PZA,0,15.0
2368,FIL.  AIRE  AIR  FILTER  16546 - ED000  CHICO  NARANJA. NIS.,274,PZA,0,35.0
2369,ANTIC.  ECOM  ROSAD.  LITRO   ANTIEBULL.,6,PZA,0,33.0
2370,SILIC.  POWER EAGLE  JASMINE  450ML.,10,PZA,0,23.0
2371,FIL.  ACEIT.  MEGAFIL  PH8A.,0,PZA,0,28.0
2372,FIL.  ACEIT.  MEGAFIL  PH966B.,7,PZA,0,25.0
2373,GRAS.  GOLDEN  ALKITRAX  450 GRA. JUNTA.,6,PZA,0,30.0
2374,BOM.  BOSCH  186  GAS.  SUM.  ORG. 90 LIBRAS. 3BAR.,1,PZA,0,400.0
2375,BOM.  BOSCH  438  GAS.  100 LIBRAS.  5BAR.,1,PZA,0,550.0
2376,BOM.  BOSCH  481  GAS.  SUM.  ORG.  100 LIBRAS  5BAR.,0,PZA,0,450.0
2377,REG.  BOSCH  457  002  CON  CARB.  WAPSA  CABL.  ROJO  Y VERDE.,0,PZA,0,170.0
2378,FIL.  AIRE  AIR  FILTER  74010. TOY. CORR.  5E,-11,PZA,0,40.0
2379,ACIET.  XCEL  2  CYCLE  TC.W3.RL.  MOTO.,42,PZA,0,35.0
2380,BUJ.  DENSO  Q16R-U11 (3006),293,PZA,0,18.0
2381,SILIC.  SIMONIZ  SPRAYT  FLORAL.,0,PZA,0,33.0
2382,FIL.  ACEIT.  SURI  0715.,-2,PZA,0,50.0
2383,FIL.  ACEIT.  LIBER  PH48.,1,PZA,0,75.0
2384,FIL.  ACEIT.  SURI  2222.,0,PZA,0,50.0
2385,FIL.  ACEIT.  LIBER  PH8A.,2,PZA,0,50.0
2386,FIL.  ACEIT.  LIBER  PH561.,5,PZA,0,35.0
2387,BAT.  TOYO   75 AH  N70Z. R.,5,PZA,0,790.0
2389,SILIC.  PLOMA  SANI  999  GASKET  MAKER.,58,PZA,0,13.0
2390,BUJ.  BOSCH  WR78+  504  4  ELECTRO.  GRUESO.,8,PZA,0,45.0
2391,FIL.  AIRE  17801-10030.,1,PZA,0,40.0
2392,CERA   TURTLE  WAX  GRAN.  397G.  CON  ESPON.,3,PZA,0,60.0
2393,BUJ.  DENSO  IK20#4  5304#4  IRIDIUM  POWER.,40,PZA,0,65.0
2394,CHAP.  CONTAC. UNIV.  LEDDER  WIN  TOY.  MET.  C. PLANCA.,17,PZA,0,25.0
2395,CHAP.  CONTAC. UNIV.  LIXIANG  C. VERDE  NIS  BESE  PLAST. NEGRO.,1,PZA,0,25.0
2396,FIL.  NIPON  GAS. 16400-F5100  NIS. RECTO  METAL. CHICO.,21,PZA,0,25.0
2397,BOM.  NUK  KEP-14  GAS.  SUMERG.,2,PZA,0,190.0
2398,SILIC.  TURTLE  307ML.  VERDE  SUPER  PROTECTANT.,39,PZA,0,30.0
2399,RENOV.  LLANTA  CLEANER  600ML.  TAPA  NEGA  USA.,15,PZA,0,29.0
2400,LIMP.  TAPIZ   CLEANER  600ML.  USA  P0WER  EAGLE.,17,PZA,0,29.0
2401,FIL.  AIRE  FDP  FA277  TOY. HILUX  CAMION.,1,PZA,0,88.0
2402,FIL.  AIRE  FDP  FA54140  TOY.  LOBO  MODER.,0,PZA,0,100.0
2403,FIL.  AIRE  FDP  FAT009  NIS.  CONDOR  2000.,1,PZA,0,180.0
2404,FIL.  AIRE  FDP  FA394 E  NIS.,2,PZA,0,160.0
2405,FIL.  AIRE  FDP  FA266  NIS.  CIVILIAN.,2,PZA,0,98.0
2406,FIL.  AIRE  FDP  FA304X  MITHS.,1,PZA,0,155.0
2407,FIL.  AIRE  FDP  FA-200  MITSUBISHI,2,PZA,0,105.0
2408,FIL.  AIRE  FDP  FAC010  TOY.  HILUX.,1,PZA,0,128.0
2409,FIL.  ACIET.  FDP.  FH416  NIS. CONDOR  VOL.  F10  N12.,2,PZA,0,75.0
2410,FIL.  ACEIT.  FDP.  ELEM.  FE21A  NIS.  2002  2005.,8,PZA,0,35.0
2411,FIL.  AIRE  FDP  FA384E  MERCEDES.,2,PZA,0,150.0
2412,FIL.  AIRE  FDP  FA4202  VOLKSW.,1,PZA,0,165.0
2413,CHIC.  BUJ.  SEIWA  90919-22387  2RZ  3RZ  TAIW.,54,PZA,0,130.0
2414,FOC.  OSRAM  64151.,3,PZA,0,25.0
2415,FOC.  OSRAM  64210.,8,PZA,0,65.0
2416,FOC.  OSRAM  9007  12V.  ORG.,7,PZA,0,70.0
2417,"FOC,  OSRAM  64198  ORG.",9,PZA,0,35.0
2418,FOC.  OSRAM  62203  ORG.,3,PZA,0,40.0
2419,FOC.  OSRAM  7504  ORG.,9,PZA,0,35.0
2420,FOC.  OSRAM  64193  NBP  KITS  ORG.,0,PZA,0,170.0
2421,FOC.  OSRAM  64193  ULT  KITS  ORG.,3,PZA,0,100.0
2422,FIL.  AIRE  FDP  FA603  MAZDA.,38,PZA,0,120.0
2423,FIL.  AIRE  AIR  FILTER  16040.,4,PZA,0,35.0
2424,FIL.  AIRE  16546 - 77A10.,0,PZA,0,35.0
2425,ALARM.  SORPENT  SMART  5000.,1,PZA,0,250.0
2426,CIGARR.  SUELDA.,0,PZA,0,10.0
2427,INTERR.  CUADR.  CHICO  ROJO.,-5,PZA,0,0.0
2428,INTERR.  CUADR.  CHICO  4 SAL.  C.  LUZ.,5,PZA,0,5.0
2429,INTERR.  CUADR.  CHICO  AMARILL.,3,PZA,0,5.0
2430,ACEIT.  AMALIE  80W90  GAL.,0,PZA,0,180.0
2432,AGUA   BAT.  RIVEX.,1,PZA,0,10.0
2433,RELAY   MARILIA  11052  CAMB.,1,PZA,0,50.0
2434,CILINDR.  DE  FIG  31410 - 12370  71  TAIW.,1,PZA,0,120.0
2435,CILINDR.  DE  FIG  31410 - 35270.,1,PZA,0,120.0
2436,RUTOLA  CREMALL.  TS16949.,1,PZA,0,85.0
2437,CHIC.  BUJ.  C.  VERDE  ALD  A.00012Q.,1,PZA,0,120.0
2438,CABL.  BUJ.  FDP  8  CIL.  AMARILLO.,1,PZA,0,180.0
2445,HALOG.  TRIFA  H7  12V.,24,PZA,0,35.0
2446,GRAS.  CASTROL  MS3  500GR.  TAPA  ROJA.,9,PZA,0,35.0
2447,BOC.  GAUS  CARACOL  GA1052  12V.  2 TERM.,0,PZA,0,37.0
2448,BOC.  GAUS  CARACOL  GA1054  2 KIT 2 TONOS  2TERM.,2,PZA,0,65.0
2449,BOC.  GAUS  GA1060  2 KIT  2TONOS  12V.  2TERM.,0,PZA,0,80.0
2450,BOC.  GAUS  GB-1061  INDIV.  12V. 2 TERM.,4,PZA,0,40.0
2451,HALOG.  GAUSS  HB3  GL33   H9005  12V.  100W,10,PZA,0,25.0
2452,HALOG.  GAUSS   HB4  GL37   H9006  12V.  100W,10,PZA,0,30.0
2453,MANG.  CRIST.  MLLU - P-5-0  5X10  COMBUST.,25,PZA,0,6.5
2454,MANG.  MLLU  NEGR.  GOMA  3X7    V. 1/8,50,PZA,0,6.0
2455,MANG.  MLLU  NEGR.  GOMA  6X10  V.,50,PZA,0,8.5
2456,ACEIT.  AMALIE  10W40  GAL.  SYNTIT.,0,PZA,0,190.0
2457,BOM.  110732  HKT  GIP-501  SUMERGL.  TOY.,13,PZA,0,380.0
2458,CABL.  BUJ.  SEIWA  90919-22273  TOY.  HIACE  1RZ  70045.,5,PZA,0,120.0
2459,CABL.  BUJ.  SEIWA  90919-21602-SE  TOY.  RAV 4  3SGE.,5,PZA,0,280.0
2460,HALOG.  TRIFA   H4  12V.  60/55W.,17,PZA,0,28.0
2461,FOC.  TRIFA  12V.  CUÑA  GRAN.  2  F. (1791),15,PZA,0,20.0
2462,FOC.  TRIFA  2 F.  CON  SOQUED  12V.  227W.,5,PZA,0,18.0
2463,FIL.  ACEIT.  MEGAFIL  90915-10002  3/4.,-19,PZA,0,20.0
2464,FIL.  AIRE  FDP  FA-3450  SUBARO  DOM.,69,PZA,0,90.0
2465,FIL.  ACIET.  FDP.  FH73  MAZDA,23,PZA,0,30.0
2466,FIL.  ACEIT.  FDP.  ELEM.  FE23  VERDE.,10,PZA,0,35.0
2467,FIL.  ACEIT.  FDP.  ELEM.  FE-21  VERD.  MERC. BENZ,18,PZA,0,33.0
2468,FIL.  ACEIT.  FDP.  ELEM.  FF07.,1,PZA,0,35.0
2469,FIL.  ACEIT.  FDP.  ELEM.  FF13.,2,PZA,0,27.0
2470,FIL.  ACEIT.  MEGAFIL  90915-10001  TOY.,-6,PZA,0,20.0
2471,FIL.  ACIET.  FDP.  FH51A.,5,PZA,0,30.0
2472,FIL.  ACEIT.  OIL FILTER  15600-13051,1,PZA,0,25.0
2473,HALOG.  TRIFA  9004  12V.  65/45W  AZUL. 61625.,11,PZA,0,70.0
2474,FIL.  AIRE  AIR  FILTER  11050.  STARL.,-2,PZA,0,40.0
2475,HALOG.  TRIFA  9006  12V.  HB4  NORMAL.,4,PZA,0,45.0
2476,HALOG.  TRIFA  9005  12V.  HB3  NORMAL.,6,PZA,0,45.0
2477,BAT.  PANASONIC  70 AH.  L TC - 65D31 L.,15,PZA,0,1050.0
2478,SILIC.  POWER EAGLE  ROSE  450ML.,14,PZA,0,23.0
2479,CERA   TURTLE  LIQ.  CON  GATILLO  769ML.  17 CARS.,11,PZA,0,95.0
2480,CABLE  NEGRO  Nº  8  ARG.,100,PZA,0,8.0
2481,CABLE  AZUL  Nº  8  ARG.,100,PZA,0,8.0
2482,BUJ.  BOSCH  FR78  X  510  4  ELECT. DELG.,-20,PZA,0,175.0
2483,TAP.  RAD.  SANKEI  KH-C17  ANT.  NORM. 16 LBS. A 11KG,1,PZA,0,45.0
2484,LIQ.  HIDRAUL.  VALVOLINE  DEX/MERC  MAX LIFE  324.,-4,PZA,0,110.0
2485,LIQ.  HIDRAUL.  VALVOLINE  ATF+4  FULL SYNT.  346.,-5,PZA,0,110.0
2486,ACEIT.  VALVOLINE  5W40  FULL  SYNT.  LITRO.,5,PZA,0,120.0
2487,ACEIT.  VALVOLINE  5W20  FULL  SYNT.  LITRO  927.,0,PZA,0,120.0
2488,FIL.  ACEIT.  15600-13081.    OBSERV.,0,PZA,0,25.0
2489,FIL.  ACEIT.  MEGAFIL  MD 332687.,30,PZA,0,20.0
2490,FIL.  AIRE  AIR  FILTER  MD 620472  MIT.  MONT.(FAM-72),44,PZA,0,45.0
2491,FIL.  AIRE  AIR  FILTER  MD 906051  MIT.  RVR. (FAM-51),39,PZA,0,45.0
2492,FIL.  AIRE  FILGO  16546-V0100  NIS.,-20,PZA,0,40.0
2493,FIL.  AIRE  FILGO  17801-11030  RED. INTERMD.,-2,PZA,0,40.0
2494,FIL.  AIRE  FILGO  17801-15060  (FAT-60)RED.  BAJO. TOY. 5A 16VL.,20,PZA,0,40.0
2495,FIL.  AIRE  FILGO  17801-11100  RED.  ALT,29,PZA,0,40.0
2496,FIL.  AIRE  FILGO  17801-74060  TOY.,1,PZA,0,45.0
2497,FIL.  FILGO  GAS.  23300-79495  TOY.  NOHA.,-2,PZA,0,40.0
2498,FIL.  FILGO  GAS.  23300-79305  MIT.  MONT.  TOY.,6,PZA,0,40.0
2499,FIL.  ACEIT.  FILGO  PH966B.,152,PZA,0,25.0
2500,FIL.  ACEIT.  FILGO  90915-10001.,170,PZA,0,25.0
2501,FIL.  ACEIT.  FILGO  90915-10002.,121,PZA,0,18.5
2502,FIL.  ACEIT.  FILGO  MD332687   GENERAL   PARTS.,166,PZA,0,25.0
2503,FIL.  ACEIT.  FILGO  PH2825.,113,PZA,0,25.0
2504,FIL.  ACEIT.  FILGO  PH8A.,109,PZA,0,28.0
2505,FIL.  ACEIT.  FDP.  ELEM.  FE16  NIS.,6,PZA,0,35.0
2506,BUJ.  BOSCH  FR8DPP33  IRIDIUM. 230  500  +45,20,PZA,0,65.0
2507,FIL.  NIPON  GAS.  23300-19285  T  CORR.  ABRAZ.  BAJO.,20,PZA,0,40.0
2508,REG.  NEW-ERA  TVR-533  TOY.  CORR.  TAIW.,4,PZA,0,120.0
2509,FIL.  NIPON  GAS.  23300 - 87403  TOY.  LAND  CUR.  DELG. 4Y MIN. LOB.,13,PZA,0,45.0
2510,SILICONE  2200  300ML  BLACK  EN TUBO.,7,PZA,0,19.0
2511,SILICONE  2200  CLEAR  300ML  EN  TUBO.,14,PZA,0,19.0
2512,ADIT.  POWER  AEG. ETER  STARTING  FLUID  312G.,6,PZA,0,28.0
2513,AFLOJT.  POWER  EAGLE  LUBRICANT  PE-80.,10,PZA,0,29.0
2514,FIL.  AIRE  FILGO  17801-97402 TOY.  LARGO.,40,PZA,0,40.0
2515,REG.  GAUS  GA829 - 14V.  TOY  CORR.  ELECTR.,2,PZA,0,160.0
2516,FIL.  AIRE  FILGO  97030-325  IZUSU.,3,PZA,0,100.0
2517,BUL.  RETRO  SWITCH  TOY.  CAJA  BLANCA  Y  ROJO  AMAR.,36,PZA,0,25.0
2518,FIL.  ACIET.  FDP.  FH3010  TOYOTA,39,PZA,0,30.0
2520,BUL.  ACEIT.  SWITCH  C  BLAN.  LETRA ROJA .,-15,PZA,0,0.0
2521,FIL.  ACEIT.  FDP.  FH119  WILLYS  TRACT.,8,PZA,0,35.0
2522,FIL.  NIPON  GAS.  16400-V2700  NIS.  CHICO.,38,PZA,0,30.0
2523,BOC.  HELLA  AMARILLA   UN  SOLO  12V/400HZ.,4,PZA,0,30.0
2524,BOC.  HAOER  HORN  GUENDO  KIT.  12V.  PLANAS.,2,PZA,0,60.0
2525,BOC.  HAOER  HORN  METALICO  12V.  KIT. METALICO.,1,PZA,0,60.0
2526,ACEIT.  XCEL  15W40   DIESEL   BAL.,1,PZA,0,635.0
2527,HIDRA.  XCEL  BAL.  68.,0,PZA,0,480.0
2528,FIL.  LION  FILTER  23300-38010  LCF-800C.,-5,PZA,0,15.0
2529,CHIC.  BUJ.  SEIWA  90919-22384   3S. CAL.  TAIW. C.  CUADRA.  LARGO,-11,PZA,0,120.0
2530,PINT.  OCI  NEGRO 30  300ML.,7,PZA,0,18.0
2531,PINT.  OCI  ALUMINIO 3.  300ML.,8,PZA,0,18.0
2532,PINT.  OCI  CROMADO  C018  300ML.,10,PZA,0,25.0
2533,HALOG.  TRIFA  H4  12V.  AZUL  ESTUC. 100/90  71670-501,14,PZA,0,115.0
2534,MANG.  SIL.  TRANS.  5MM. X 9MM.  EXTER.,50,PZA,0,10.0
2535,MANG.  SIL.  TRANS.  7MM. X 11MM.  EXTER.,50,PZA,0,11.0
2536,HALOG.  TRIFA  9004  12V.  65/45W.,2,PZA,0,48.0
2537,ACEIT.  XCEL  5W20  SINTETIC   LITRO.,0,PZA,0,45.0
2538,FIL.  AIRE  FILGO  17801-24010,4,PZA,0,40.0
2539,ADITIVO  EST CORONA  VERDE 207ML. OIL TREATMENT.,6,PZA,0,40.0
2540,FIL.  FILGO  GAS.  23300-19165  TOY.  LOBO. ROS.FIN.,50,PZA,0,40.0
2541,FIL.  FILGO  GAS.  23300-75110  IPSUN.,3,PZA,0,40.0
2542,FIL.  FILGO  GAS.  23300-19265  MITS.  TOY.,36,PZA,0,40.0
2543,FIL.  FILGO  GAS.  16400-72L00  NIS.,32,PZA,0,30.0
2544,FIL.  FILGO  GAS.  16400-V2700  NIS.,3,PZA,0,30.0
2545,FIL.  AIRE  FILGO  17801-16020  (FAT-20) TOY. CALDINA.,146,PZA,0,40.0
2546,FIL.  AIRE  FILGO  17801-21030  PROB.,6,PZA,0,40.0
2547,FIL.  AIRE  FILGO  17801-64010.,18,PZA,0,40.0
2548,FIL.  AIRE  FILGO  17801-35020.,34,PZA,0,40.0
2549,PAST.  FRENO  FILGO  CALDENA.,2,PZA,0,80.0
2550,FIL.  AIRE  FILGO  13780-61J00  ZUSUKI. APV (FAS-61),69,PZA,0,80.0
2551,FIL.  AIRE  FILGO  16546-73C10  NIS.  CHICO.,7,PZA,0,40.0
2552,FIL.  ACEIT.  FDP.  ELEM.  FE200X.,15,PZA,0,38.0
2553,FIL.  ACEIT.  FDP.  ELEM.  FF09.,1,PZA,0,30.0
2554,SILIC.  POWER EAGLE  STRAWBERRY  450ML,6,PZA,0,23.0
2555,FIL.  AIRE  FILGO  17801 - 23030.,12,PZA,0,35.0
2556,FIL.  FILGO  GAS.  MB504740.  MITS.,54,PZA,0,40.0
2557,BAT.  TNT  70AH.  N70  L .,2,PZA,0,800.0
2558,BAT.  TNT  DIN65  65AH.  BAJA.,3,PZA,0,880.0
2559,BAT.  TNT  65AH.  NS70 .,0,PZA,0,750.0
2560,BAT.  TNT  60AH.  N50Z.,0,PZA,0,700.0
2561,BAT.  TNT  DIN55 L  55AH.  BAJA,-6,PZA,0,750.0
2562,BAT.  TNT  36AH.  NS40Z  L.,-1,PZA,0,600.0
2563,BAT.  BOSCH 50AH  S5  50DA L.,-1,PZA,0,780.0
2564,FIL.  ACEIT.  MONZAS,-1,PZA,0,30.0
2565,AGUA   BAT.  J.M.G.,-11,PZA,0,10.0
2566,BAT.  TNT  DIN65  L  65AH.  BAJA,1,PZA,0,880.0
2567,BAT.  TNT  70AH.  N70R.,0,PZA,0,800.0
2568,FIL.  AIRE  FDP  FA-7702   ATLAS.,2,PZA,0,57.0
2569,FIL.  NIPON  GAS.  23300 - 75140  TOY. LOB. MODER.,76,PZA,0,45.0
2570,BAT.  TNT  36AH.  NS40Z,0,PZA,0,550.0
2571,BAT.  TNT  45AH.  NS60,1,PZA,0,650.0
2572,BAT.  TNT  45AH.  NS60 L.,4,PZA,0,650.0
2573,BAT.  TNT  DIN55  55AH.  BAJA,8,PZA,0,750.0
2574,BAT.  TNT  65AH.  NS70  L.,0,PZA,0,750.0
2575,BAT.  TNT  60AH.  N50ZL.,1,PZA,0,700.0
2576,ACEIT.  CASTROL  15W40  CRB TURBO GAL.,6,PZA,0,190.0
2577,FIL.  ACIET.  FDP.  FH2801 BAJO OBSERVAC.,8,PZA,0,40.0
2578,FIL.  ACEIT.  FDP.  FH160,0,PZA,0,0.0
2579,TAPA  ARO 13,0,PZA,0,120.0
2580,SILL.  GUNK  DE  RAD.  REPAIR EN POLVO  56.7 GR.,7,PZA,0,25.0
2581,ANTIC.  ECOM  ROSAD.  GAL.  ANTIEBULLEN.,3,PZA,0,85.0
2582,POLI.  SIMONIZ  RUBBING  COMP.  Nº 1 TAP. AMAR.,4,PZA,0,38.0
2583,ANTIC. OPTIMUS  GAL. AMARILL.,10,PZA,0,110.0
2584,LIMP.  TAPIZ   TURTLE  CON GAT.  LEAT. 473ML.,0,PZA,0,110.0
2585,RENOV.  TURTLE  LLANTAS  HIGH GLOSS  T/S 650ML.,1,PZA,0,115.0
2586,RENOV.  TURTLE  LLANTAS GAT.  NATURAL  LOOK  T/S 650ML.,1,PZA,0,115.0
2587,RENOV.  TURTLE  LLANTAS  GAT.  ALL WHEEL 650ML.,2,PZA,0,115.0
2588,RENOV.  TURTLE  LLANTAS  GAT. CHROME WHEEL 650ML.,2,PZA,0,115.0
2589,LIQ.   HIDRAUL.  CYCLO  POWER  STEERING  946ML.,9,PZA,0,35.0
2590,FIL.  COMB.  HIGHFIL  4170,45,PZA,0,35.0
2591,MANG.  GOMA  RECYLON MZ. 5/16,50,PZA,0,15.0
2592,MANG.  GOMA  IDROCARB  5/16   SIMPL.,103,PZA,0,15.0
2593,FIL.  AIRE  FDP.  FA604940  MITSHUBHI.,3,PZA,0,50.0
2594,LIQ.  HIDRAUL.  AUTOTECH  TYPEA,0,PZA,0,22.0
2595,ANTIC.  AUTOGUARD  GAL.  AMARILL.,0,PZA,0,120.0
2596,DENCIMETRO,3,PZA,0,25.0
2597,OBSERVACION  CREAR EL FILTRO,0,PZA,0,0.0
2598,FIL.  GAS.  FUEL  FILTER  31911-25000.  NEGRO  CON  TERM.,8,PZA,0,40.0
2599,FIL.  NIPON  GAS.  23300 - 50030  TOY.,-1,PZA,0,35.0
2600,ANTIC.  EXTRONY  AZUL  LITRO,1,PZA,0,20.0
2601,ANTIC.  EXTRONY  AMARIL.   LITRO,0,PZA,0,35.0
2602,FIL.  AIRE  FILGO  16546-02N00,3,PZA,0,60.0
2609,BAT.  PANASONIC  35 AH. L  TC 38B20 L.,0,PZA,0,650.0
2610,BAT.  PANASONIC  40 AH. R  TC 38B20 R,0,PZA,0,630.0
2611,LIQ.  FRENO  JOHNSEN´S  DOT4  946ML,0,PZA,0,75.0
2612,LIQ.  FRENO  JOHNSEN´S  DOT3  946ML,2,PZA,0,50.0
2613,LIMP.  MOTOR  ENGINE FLUSH  JOHNS.  946ML.,0,PZA,0,45.0
2614,ADIT.  JOHNSEN´S  SMOKE  ELIMINATOR DE HUMO  0.429L,0,PZA,0,45.0
2615,LIMP.  CARBURADOR  JOHNSEN´S  CARB CLEANER  461G.,2,PZA,0,38.0
2617,SILL.  JOHNSEN´S  RADIATOR STOP LEAK  355ML AMARIL.,1,PZA,0,35.0
2619,LIMP.  JOHNSEN´S  BRAKE CLEAN.  LIMP. HUMO 397G.,2,PZA,0,38.0
2620,CHISPA  JOHNSEN´S  ENSEND. STARTING FLUID ETER 304G,0,PZA,0,38.0
2621,FIL.  ACEIT.  FILGO  ELEMEN.  04152-YZZA1,287,PZA,0,35.0
2622,FIL.  ACEIT.  FILGO  14201-Z9009  NIS. COND.,53,PZA,0,40.0
2623,FIL.  FILGO  COMB. 16403-99011,20,PZA,0,40.0
2624,FIL.  ACEIT.  FILGO  423135  C/AZUL,5,PZA,0,38.0
2626,FIL.  FILGO  COMBUS.  23303-64010   COMBUS.  METAL.,21,PZA,0,40.0
2627,BUJ.  NGK  NORMAL  BKR5EGP  7090,0,PZA,0,38.0
2628,BUJ.  NGK  LARGO  LFR5AGP  5018,4,PZA,0,70.0
2629,PINT.  OCI  GREY PLOMO 4  300ML.,-8,PZA,0,20.0
2630,FIL.  ACEIT.  TOYOFIL  90915-10001,-2,PZA,0,20.0
2631,CABL.  DE  ACELERADOR   MEDIANO,-5,PZA,0,20.0
2632,GRAS.  AUTOGUSRD  454GR.  NEGRO C. TAP.  BLAN.,6,PZA,0,35.0
2633,FIL.  AIRE  FDP  FA 1939  TOYO.  TONACE,8,PZA,0,50.0
2634,FIL.  ACEIT.  OIL FILTER  477556  VOLVO,5,PZA,0,75.0
2635,FIL.  ACEIT.  HIGHFIL  PH13,10,PZA,0,30.0
2636,"FIL.  ACEIT.  HIGHFIL  PH16,   PH9B-1, 15601-25010",3,PZA,0,32.0
2637,FIL.  COMB.  TRAMP.  20998367 VOLVO,5,PZA,0,115.0
2638,FIL.  HIGHFIL   COMB. TRAMP.  H 12401 (7111-296),0,PZA,0,30.0
2639,FIL.  COMB.  TRAMP.  CAV  7111-796,3,PZA,0,38.0
2640,FIL.  HIGHFIL  COPRES.  FF5116,1,PZA,0,300.0
2641,FIL.  ELEMEN.  HIGHFIL  OEM: 04152-37010,18,PZA,0,50.0
2642,FIL.  ELEM.  HIGHFIL   THE805A  1457429102,2,PZA,0,50.0
2643,FIL.  ELEM.  HIGHFIL  OEM.  15208-AD200,2,PZA,0,45.0
2644,FIL.  ELEM.  HIGHFIL  15209-2W200,2,PZA,0,48.0
2645,FIL.  AIRE  AIR FILTER  16546-2S600,1,PZA,0,65.0
2646,CINTURON   PLAST.  5X250,-2,PZA,0,1.5
2647,ACEIT.  TAMBOR  80W90 AGRANEL,203,PZA,0,30.0
2648,ACOPLES  DE  TERMOSUICH  METALICO.,202,PZA,0,20.0
2649,ALOGENO  ROMP. NIEBL.  GRANDE 1 PAR,0,PZA,0,95.0
2650,FIL.  ELEM.  HIGHFIL  OEM  04152-31090,5,PZA,0,45.0
2651,FIL.  ACEIT.  GENERAL PARTS.  MD134953,12,PZA,0,25.0
2652,FIL.  GAS.  FILGO  FYT-140,3,PZA,0,50.0
2653,FIL.  GAS.  FILGO  FYT-495  NOA,30,PZA,0,40.0
2654,FIL.  GAS.  FILGO  FYH-931  MAZDA.,1,PZA,0,45.0
2655,FIL.  GAS.  FILGO  FYT-090,0,PZA,0,40.0
2656,FIL.  ELEM.  FILGO  04152-31090,87,PZA,0,40.0
2657,EMPAQ.  DE  ESCAPE  IPSUM  GRANDE,2,PZA,0,25.0
2658,BAT.  MOTO  TNT  12N-7L.  3B  7AH,3,PZA,0,250.0
2659,AMPERI.  12V.  PLOMO  REINSA  60 AMP.,-64,PZA,0,45.0
2660,FIL.  COMBUSTI.  LYS 466?,-1,PZA,0,0.0
2661,FIL.  ACET.  LYS  466634,-1,PZA,0,0.0
2662,FIL.  ELEM.  AUTOTECH CH10358  04152-37010,4,PZA,0,30.0
2663,FIL.  ELEM.  AUTOTECH CH10158  04152-31060,3,PZA,0,40.0
2664,FIL.  ELEM.  TOYOFIL  04152-31080,1,PZA,0,35.0
2665,FIL.  ELEM.  AUTOTECH CH10295  04152-38020,1,PZA,0,58.0
2667,ALOGENO  ROMP.  NIEBL.  CHICO  1 PAR,0,PZA,0,85.0
2668,MANG.  MLLU  NEGR.  GOMA  9.5 9X14  3/8,25,PZA,0,20.0
2669,MANG.  MLLU  NEGR.  GOMA  12.0 12X17  1/2,25,PZA,0,20.0
2670,MANG.  SIL.  TRANS.  9MM. X 13.5MM EXT.,25,PZA,0,20.0
2671,MANG.  SIL.  TRANS.  10MM. X 15MM.  EXT.,25,PZA,0,20.0
2672,MANG.  SIL.  TRANS.  12.7MM. X 17.7MM. DIAM.,25,PZA,0,22.0
2673,OCTANO  CYCLO  BOOST 350ML,6,PZA,0,35.0
2674,"AGUA  BAT.  DESTILADA  TIO AVELINO 1,5  LIT.",2,PZA,0,15.0
2675,FIL.  AIRE  FDP  FA-153  COMPRESORA (EMP. 325),1,PZA,0,95.0
2676,BAT.  TNT  120AH.  N120,0,PZA,0,1200.0
2677,BAT.  TNT  150AH.  N150,1,PZA,0,1580.0
2678,BAT.  MOTO  TNT  12N-7 4B  7AH.,8,PZA,0,300.0
2679,BAT.  MOTO  TNT  12N-5L. 3B  5AH.,10,PZA,0,290.0
2680,BAT.  MOTO  TNT  12N-5  4B  5AH,10,PZA,0,300.0
2681,BAT.  MOTO  TNT  12N-12L. 3B  12AH.,3,PZA,0,300.0
2682,BAT.  MOTO  TNT  12N-12 4B  12AH.,0,PZA,0,300.0
2683,CORR.  MITSUBOSHI  13X575  A  23,8,PZA,0,25.0
2684,CORR.  MITSUBOSHI  13X686  A  27,3,PZA,0,28.0
2685,CORR.  MITSUBOSHI  13X710  A  28,8,PZA,0,28.0
2686,CORR.  MITSUBOSHI  13X775  A  31,3,PZA,0,29.0
2687,CORR.  MITSUBOSHI  13X1168  A  46,0,PZA,0,30.0
2688,CORR.  MITSUBOSHI  13X1270  A  50,4,PZA,0,35.0
2689,CORR.  MITSUBOSHI  13X1320  A  52,2,PZA,0,35.0
2690,CORR.  MITSUBOSHI  13X1550  A  61,5,PZA,0,35.0
2691,CORR.  MITSUBOSHI  13X1676  A  66,0,PZA,0,35.0
2692,CORR.  MITSUBOSHI  13X1725  A  68,0,PZA,0,35.0
2693,CORR.  MITSUBOSHI  13X1775  A  70,0,PZA,0,35.0
2694,CORR.  MITSUBOSHI  13X1800  A  71,1,PZA,0,36.0
2695,CORR.  MITSUBOSHI  13X1825  A  72,4,PZA,0,38.0
2696,FIL.  ACEIT.  FILGO  LF-111,5,PZA,0,28.0
2697,FIL.  ACEIT.  TOYOTA  90915 1030002 OBSERVA.,1,PZA,0,40.0
2698,BUJIA  NGK  2526,6,PZA,0,25.0
2699,BUJIA  NGK  6130  COLOR VERDE,2,PZA,0,25.0
2700,AGUJA  MAGNETICA  CON  2  CABLES.,1,PZA,0,0.0
2701,BAT.  SX  75AH.  85D26L,0,PZA,0,700.0
2702,BAT.  SX  65AH.  75D23R,2,PZA,0,630.0
2704,CHICLERA DE CARB.  NISSAN  825,0,PZA,0,10.0
2709,BAT.  TOYO  100 AH.  N 100 R,2,PZA,0,1050.0
2711,CINTURON  PLAST.  5X400  NEGRO.,41,PZA,0,2.0
2712,CINTURON  PLAST  5X400  BLANCO,50,PZA,0,1.200000047683716
2713,CINTURON  PLAST.  5X150  PLAST.  BLANCO.,50,PZA,0,0.5
2714,FLASH.  TRIFA  TRP 21200,9,PZA,0,1.200000047683716
2715,AMPERI.  REINSA  12V. AZUL  60AMP-.,-5,PZA,0,45.0
2716,FIL.  HIBARI  GAS.  16400 - V2700  NIS.,1,PZA,0,28.0
2717,FOCO  TRIFA  HALOG.  H4  100/90W,-8,PZA,0,35.0
2718,EMPAQ.  DE ESCAPE  TOYOTA  CHICO,0,PZA,0,20.0
2719,LIQ.  HIDRAUL.  XCEL  UNIV.  SYNT.  CVT  LITRO.,13,PZA,0,58.0
2721,BAT.  PANASONIC  45 AH.  TC - 46B24L-S,13,PZA,0,670.0
2722,GOTITAS  DE  UYUSTOLS,8,PZA,0,2.5
2724,FIL.  FUEL FILTER COMB.  FSP 72/2  VOLVO,0,PZA,0,25.0
2725,FIL.  TOYOFIL  COMB.  PH 3619  AUTOTE.,7,PZA,0,25.0
2726,BUJ.  NGK  IRIDIUM  6341,0,PZA,0,65.0
2727,FLASH.  MARELIA  IM11423 3 SAL. NARANJ.,14,PZA,0,30.0
2728,GATA  DE 2 TONELADA,0,PZA,0,70.0
2729,FIL.  AIRE  AIR  FILTER  (TP-IS- 5303-0)  CHEV.,40,PZA,0,45.0
2730,FIL.  GAS.  FUEL  FILTER   23300-19145  TOY. COR.,94,PZA,0,35.0
2731,CABL.  BUJIA  SEIWA  90919-22327         TAIW.  COMER.,3,PZA,0,130.0
2732,CABL.  BUJIA  SEIWA  90919-22373  TOY.  CORR  TAIW. 3S.,86,PZA,0,120.0
2733,TAPA  DISTRIBUIDOR   19101-11060  CAJA  BLANCA.,86,PZA,0,65.0
2734,ANTIC.  COOLANT  GAL. BLAN. 2L.,0,PZA,0,35.0
2736,AFLOJA TODO  WI - 400   400ML.,2,PZA,0,35.0
2737,CARBON  DE  ALTER.  FTX - 315  NISS.,-31,PZA,0,13.0
2738,BAT.  HELIAR  45 AH.  F45BD  FREE. CJ./BLAN.,0,PZA,0,630.0
2739,FIL.  AIRE  AIR  FILTER NNP  16546-V0100-N NISS. C/NEG.,-124,PZA,0,40.0
2740,BOBI.  ELEC.  90919-02164  TOY CORR. ORIG.,0,PZA,0,160.0
2741,OCTANE  JOHNSEN.  NARANJ.,0,PZA,0,35.0
2742,FOCO  TRIFA  CUÑA  12V.  MEDIANO  AMERICANO.,41,PZA,0,18.0
2743,FOCO  TRIFA  CUÑA  12V.  GRAND.  JAPONES.,9,PZA,0,18.0
2744,FOCO  TRIFA  CUÑA  12V.  CON  PLASTIC.  1 CONT.,9,PZA,0,18.0
2745,HALOG.  TRIFA  H4  12V. AZUL  60/55W.  CAJA.,14,PZA,0,45.0
2746,FIL.  AIRE  AIR  FILTER  17801-11030.,0,PZA,0,30.0
2747,CHICOTILLO  NUEVO  Nº27,0,PZA,0,130.0
2748,LIMP.  INYECT.  STP  DIESEL  AMAR. 591ML.,7,PZA,0,45.0
2752,LIQUID.  HIDRAUL.  AKRON  DEXTRON  III  LITRO,0,PZA,0,45.0
2753,ACEIT.  AMALIE  40  GAS  GAL.,2,PZA,0,145.0
2754,ACEIT.  AMALIE  5W50  LITRO,15,PZA,0,55.0
2755,ARRANC.  MOTOR  ECOM-104-P  400ML.,1,PZA,0,38.0
2756,LUBRICANT.  CADENA  ECOM  240ML.,4,PZA,0,35.0
2757,PAST.  DE  FRENO  BRAKE PAD  D562,4,PZA,0,80.0
2758,RELAY  TR  3 SAL. 12V  TRP 212000,25,PZA,0,45.0
2759,BOCI.  FIAMM KBC 99  CARACOL  UNIV.  12V  PAR,-1,PZA,0,150.0
2760,BOCI.  FIAMM  HK 99  PLANO  UNIV. 12V  PAR,2,PZA,0,150.0
2761,ACEIT.  XCEL  20W50  DIESEL  BAL.,2,PZA,0,520.0
2763,CILINDR.  DE  EMBRAG.  AUTOLINE CORTO  CJA.  PLOMO,0,PZA,0,105.0
2764,BOM.  GAS. HIBARI  SUMERGIBLE  HEP-02R,6,PZA,0,160.0
2765,BOM.  GAS.  MECANIC  KYOSAN  5A TAIW.,8,PZA,0,110.0
2766,BOM.  GAS.  MECANIC.  KYOSAN  3Y  TAIW.,0,PZA,0,110.0
2767,BUL.  TEMPER.  SANKEI  89422-35010  TAIW.  IPSU.,30,PZA,0,40.0
2768,BUL.  TEMPER.  SENKEI  89428-12160   TAIW.,31,PZA,0,45.0
2769,BUJIAS  NGK  BKR5EKB-11  3967  2 ELECT.,42,PZA,0,30.0
2770,VALVULA  AIRE  SANKEI  RECTO  KP-104 12204-15030,6,PZA,0,20.0
2771,VALVULA  AIRE  SANKEI  L  KP-106  12204-10040,6,PZA,0,25.0
2772,BUJIAS  NGK  BP5EY  7327  GRUES.,19,PZA,0,20.0
2773,BOM.  GAS.  MECNIC.  NISSEKI  17010-53Y25  3Y,0,PZA,0,105.0
2774,CHAP.  PUERT.  LIXIANG  CORTO  C/VERDE NISS.,7,PZA,0,35.0
2775,CHAP.  PUERT.  LIXIANG  LARGO  C/VERDE,7,PZA,0,35.0
2776,ACEIT.  XCEL  4TIEMPO  10W40  SG.  LITRO,24,PZA,0,38.0
2777,HALOG.  TRIFA  H1  12V 100W -P14 (1635) C/CB,5,PZA,0,30.0
2778,HALOG.  TRIFA  H3  12V 100W PK22 (1638),10,PZA,0,30.0
2779,HALOG.  TRIFA  H1  12V  55W  (1655),8,PZA,0,25.0
2780,HALOG.  TRIFA  12V  100/90W P43  (1670),27,PZA,0,45.0
2781,"FOCO  TRIFA  CUÑA   PIOJO  12V  1,2W (1702)",20,PZA,0,3.5
2782,FIL.  AIRE  BESTE  BO-AA090,5,PZA,0,48.0
2783,FIL.  AIRE  BESTE  B01924B  SUZUKI,7,PZA,0,35.0
2789,FUSIBLE  TRIFA  NORMAL  7.5 AMP.,200,PZA,0,2.0
2790,FUSIBLE  TRIFA  DE LAMINA 10 AMP.  ROJO NORM.,100,PZA,0,2.0
2791,FUSIBLE  TRIFA  DE  LAMINA  15 AMP.  AZUL  T/N.,99,PZA,0,2.0
2792,FUSIBLE  TRIFA  DE  LAMINA  20 AMP.  AMARI.  T/N,100,PZA,0,2.0
2793,FUSIBLE  TRIFA  DE LAMINA  30 AMP.  VERDE  T/N,94,PZA,0,2.0
2796,FIL.  AIRE  FDP  FA-2672  VW. BRASILIA,1,PZA,0,35.0
2797,CABL.  BUJ.  SEIWA  90919-22325  TOY. 4E/5E-FE TERCEL 91  STARLETSPR,27,PZA,0,200.0
2798,CABL.  BUJ.  SEIWA  22450-12G25  NIS.TERRANO  VG.30 87/10-89/010 WHYD21,4,PZA,0,200.0
2799,CABL.  BUJ  SEIWA  22450-0W025  NIS.TERR. VG33E  96/08/04/012 PATHINF LR50/JLR50,0,PZA,0,160.0
2800,CABL.  BUJ.  SEIWA  22450-H5051  NIS.A12/A14.,2,PZA,0,99.0
2801,CABL.  BUJ.  SEIWA  33705-57B21/20  SUZUKI  VITARA  G6A 91/LB11S.,3,PZA,0,195.0
2802,BOM.  GAS.  ELECTR.  CILINDRO  EXTERIOR  P/INY.  E80121S.,25,PZA,0,250.0
2803,BOM. GAS  HEP-02A-Y  UNIV.  CON  CONECT. H02. 120717,70,PZA,0,95.0
2804,FIL.  GAS.  TP- 79235  IMPOR.  23300-79235.,79,PZA,0,30.0
2805,DISC.  EMBRAG. CLUT. TOY.  4AG/4A/5A/3E/16080,10,PZA,0,0.0
2806,BUL.  DE  FRENO  SWITCH  BNI6165  IMPOR.  TAIW. CAJ. BLAN.  AMR.  AZUL.,100,PZA,0,20.0
2807,BUL.  FRENO  XX66558  SWITCH D/LUZ  D/ LUIZ D/FRENO   TOY.  NIS.,50,PZA,0,20.0
2808,SOQUET.  H4  CS-H4  SOKET  DE  CERAMICA   EN  BOLSA  EN PAR.,698,PZA,0,8.0
2809,SOKET  CS-H7  SOKET  DE  CERAMICA  EN  BUL.  H7.,100,PZA,0,7.0
2810,SOKET  CWS-H7W  SOCKET  DE  CERAMICA  H7  EN  BUL  .,100,PZA,0,6.0
2816,PINT.  OCI  BLANCO  Nº 2  300ML.,0,PZA,0,18.0
2817,BOM.  ACET.  SUZ. G10/G13/SWIFT/SPF16100-82811,2,PZA,0,158.1300048828125
2818,BOMB. ACEIT. TOY.5E-FE/TERCEL 1.5C 15100-11110,0,PZA,0,149.8699951171875
2819,BOMB. AUX.CLUTCH TOY .3/4 VIGO KU_ 31470-0K030,0,PZA,0,44.45000076293945
2820,BOMB. AUX.CLUTCH TOY ..EL50/TERCEL 31470-10040,0,PZA,0,77.06999969482422
2821,BOMB. AUX.CLUTCH TOY .YARIS/1NZ_ T 31470-52011,-1,PZA,0,53.61999893188477
2822,BOMB. FRENO 13/16 TO Y .RN60/HILUX 8 47201-35470,0,PZA,0,288.8200073242188
2823,BOMB. GAS. TOY. COROLL A 3F/TP742 87.23100-61100,0,PZA,0,71.05000305175781
2824,BOMB. PPAL.FRENO 13/16 TOY .KE70E/T 47201-12260,0,PZA,0,161.4199981689453
2825,BUJE LEVAS  C9301A  STD. TOY .FJ40/60 59/84 2F/3F_ J 11802-60011-STD.,0,PZA,0,58.09999847412109
2826,CASQ.BIELA NIS.YD22/YD25 XTRAIL/FRO 12111-EB70A-STD --MS-1229A,2,PZA,0,56.77000045776367
2827,CAS. BANC.  M2505A - STR. NIS .QR25DE/XTRA 12207-6N210-STD  M2505A,0,PZA,0,107.1699981689453
2828,CAS. BANC. NIS .  M2505A -025 QR25DE/XTRA 12207-6N210-025 -- M2505A,0,PZA,0,119.6999969482422
2829,CASQUETE BANCADA NIS .URVAN NA2_ 12207-85G00-STD,4,PZA,0,76.86000061035156
2830,CASQUETE BANCADA SUZ .F8A/F10A_ JA 12300-73811-025,3,PZA,0,92.47000122070312
2831,CASQUETE BANCADA TOY .1RZ/2RZ/3RZ. 11701-75010-STD,4,PZA,0,120.6100006103516
2832,CAS.  BANC.  M9080A  STD.  TOY .1TR-FE/2TR-FE 11701-75031-STD.,1,PZA,0,130.4799957275391
2833,CAS.  BANC. M9080A  025  TOY .1TR-FE/2TR-FE 11701-75031-025 .,0,PZA,0,143.4299926757812
2834,CAS.  BANC. TOY .1TR-FE/2TR-FE 11701-75031-050 -- M9080A.,-1,PZA,0,143.0800018310547
2835,CAS.  BANC. TOY .2A/3A/4A/5A/  11701-15030-STD  M9028A,15,PZA,0,93.80000305175781
2836,CAS.  BANC. TOY .2A/3A/4A/5A/ 11701-16010-025  --M9028A.,5,PZA,0,98.62999725341797
2837,CAS.  BANC.  TOY .F/2F  75/_JAF 11702-60013-050 -- M9302A,2,PZA,0,105.0699996948242
2838,CASQUETE BIELA DAI.T ERIOS K3_ JAPA 13041-97401-STD,2,PZA,0,94.5
2839,CASQUETE BIELA ISU.2 300/WFR/4ZC1/4  8-94101-041-0-025,2,PZA,0,64.81999969482422
2840,CASQUETE BIELA ISU .2 300/WFR/4ZC1/4  8-94101-041-0-050,2,PZA,0,70.06999969482422
2841,CASQUETE BIELA MIT .6 G 74/V6/PAJERO_ MD311928-050,2,PZA,0,54.25
2842,CASQUETE BIELA MIT.L 300 4G63/30/31/3 MD002813-025,3,PZA,0,45.0099983215332
2843,CASQUETE BIELA NIS.L 20/24/26/28/ 6CY 12111-73400-025,6,PZA,0,69.6500015258789
2844,CASQUETE BIELA NIS.L 20/24/26/28// 6CY  12111-73400-050,2,PZA,0,55.72000122070312
2845,CASQUETE BIELA SUZ.S J413 G13A/G13E 12100-82810-025-4CYL,4,PZA,0,73.1500015258789
2846,CASQUETE BIELA SUZ.S J413 G13A/G13E 12100-82810-050-4CYL,3,PZA,0,65.66000366210938
2847,CASQUETE BIELA SUZ.S J413 G13A/G13E 12100-82810-075-4CYL,2,PZA,0,74.41000366210938
2848,CASQUETE BIELA SUZ.S J413 G13A/G13E 12100-82810-100-4CYL,2,PZA,0,71.68000030517578
2849,CASQUETE BIELA TOY .1 E/2E/3E M/84/86 13041-10020-025,2,PZA,0,75.66999816894531
2850,CASQUETE BIELA TOY .1 RZ/2RZ/3RZ/HIA 13041-75010-050,3,PZA,0,85.95999908447266
2851,CASQUETE BIELA TOY .1 Y/2Y/3Y HILUX 8 13041-71020-025,5,PZA,0,59.5
2852,CASQUETE BIELA TOY .2/3T_ JAPAN    13202-25010-STD,5,PZA,0,49.97999954223633
2853,CASQUETE BIELA TOY .2/3T/12T/13T/  71/8 13202-25010-025,5,PZA,0,54.31999969482422
2854,CAS.BIELA  R9028A  025  TOY .2 AL/3A-C/4A-C_ J 13041-15030.,12,PZA,0,67.19999694824219
2855,CASQUETE BIELA TOY .6R/8R/16R/18R/2C 13202-38011-025,2,PZA,0,55.36999893188477
2856,CASQUETE BIELA TOY .F /2F 73/84_ JAPA 13202-60011-025,2,PZA,0,71.12000274658203
2857,CASQUETE BIELA TOY .F /2F 73/84_JAPA 13202-60011-050,2,PZA,0,74.12999725341797
2858,CASQUETE BIELA TOY .HILUX 82/ 1Y/2Y/  13041-71020-050,2,PZA,0,62.5099983215332
2859,CASQUETE BIELA TOY .T /2T/3T/12T/13T 7  13202-25010-050,2,PZA,0,53.97000122070312
2860,NUEVO,0,PZA,0,108.0800018310547
2861,GUIA VALV.ESCAPE NIS .VANETTE KA24  13213-40F60,80,PZA,0,2.380000114440918
2862,MEDIALUNA TOY .1TR-FE/2TR-FE-HILUX-  11011-75020-STD,10,PZA,0,19.8799991607666
2863,TROMPO MOTOVENTILADOR  SWIFT/SP  17680-50F00,0,PZA,0,30.17000007629395
2864,VALVULA ADM. TOY/1Y/2Y/3Y/HILUX 8  13711-71010,0,PZA,0,25.27000045776367
2865,FIL.  AIRE  FILGO  FAS-KA  SUBARU,124,PZA,0,55.0
2866,FIL.  AIRE  FILGO  FAT-46,17,PZA,0,45.0
2867,LIMP.  INYECT. JOHNSEN.  BLANCA,0,PZA,0,35.0
2868,FIL.  AIRE  FILGO  17801-11090 (FAT-90),72,PZA,0,40.0
2869,CORR.  MITSUBOSHI  13X560  A 22,5,PZA,0,35.0
2870,CORR.  MITSUBOSHI  13X610  A 24,4,PZA,0,35.0
2871,CORR.  MITSUBOSHI  13X630  A 25,4,PZA,0,35.0
2872,CORR.  MITSUBOSHI  13X650  A 26,5,PZA,0,35.0
2873,CORR.  MITSUBOSHI  13X730  A 29,5,PZA,0,35.0
2874,CORR.  MITSUBOSHI  13X889  A 35,5,PZA,0,35.0
2875,CORR.  MITSUBISHI  13X1016  A 40,2,PZA,0,38.0
2876,CORR.  MITSUBOSHI  13X1422  A 56,5,PZA,0,40.0
2877,BAT.  TNT  45 AH  NS60L  BOR. GRUES.,3,PZA,0,550.0
2878,FIL.  AIRE  FDP  FA-262  MAZDA,6,PZA,0,85.0
2879,AMORT/DEL PATENTADO TOY IPSUM/CALDINA MODERNO  30CNT  APROX  LH (LB-15L-HDY),6,PZA,0,123.9000015258789
2880,AMORT/DEL PATENTADO TOY IPSUM/CALDINA MODERNO 30 CNT  APROX RH (LB-14R-HDY),6,PZA,0,123.9000015258789
2881,AMORT  TRAS  R/L  NOHA  LITE  ACE  97/02 (343358-Y),10,PZA,0,53.20000076293945
2882,AMORTIG. R/L  NOAH  LITEACE  97/02 (343357-Y),10,PZA,0,53.20000076293945
2883,AMORT/TRAS  PATENTADO  C/ROSCA  TOY TURING  4X4  LH (YOI-171-HDL),6,PZA,0,123.9000015258789
2884,AMORT/TRAS PATENTADO  C/ROSCA  TOY  TURING  4X4  RH (YOI-171-HDR),6,PZA,0,123.9000015258789
2885,AMORTI DEL TOY CALDINA  L  YOITOKI (48530-20861-L-Y),6,PZA,0,123.9000015258789
2886,AMORTI. DEL  TOY CALDINA  R  YOITOKI (48530-20861-R-Y),6,PZA,0,123.9000015258789
2887,CABLE  FRENO  MANO  TOY/EE90/CE90/AE  PEQUEÑO (46410-12160),50,PZA,0,16.79999923706055
2888,TOPE AMORT.HYU.ACCEN. T(POLIURE SHIBUMI)  BS-002,44,PZA,0,30.0
2889,BOMBA ELECT GAS SUMERG.TOY HILUX  VIGO 2TR-FE 2700CC.FORTUNER SW4 (GIP--505-JAP),0,PZA,0,266.7000122070312
2890,TOPE AMOR. HYU ACCEN T POLIURE SHIBUMI (BS-002),6,PZA,0,30.0
2891,TOPE AMORT. DEL.CORSA TODOS(POSHIBUMI)  BS-003,50,PZA,0,30.0
2892,BOM. GAS. ELECT. MIT/N IS/TOY/MAZ. HIBARI  E8235,0,PZA,0,130.0
2893,FIL.  GAS. HYU.ACCEN T/VERNA_J HIBARI  23300-25000,50,PZA,0,35.0
2894,BOBI.  HIBARI  SIN SOPR. USAR 12V  C1Z-500,35,PZA,0,70.0
2895,BOM.  AGUA  NNP  16110-19135 NEGRO GWT-83A TY AA/5A,20,PZA,0,150.0
2896,BOM.  AGUA  NNP  16110-79025 NEGR. GWT-77A TY 3SGE,20,PZA,0,150.0
2897,BOM.  AGUA  NNP  21010-85G25 NEGR. GWN-54 NS NA20,20,PZA,0,170.0
2898,SOPORT.  MOTOR  12371-11430 DM TY  COR. AE100,46,PZA,0,95.0
2899,CABL.  BUJIA.  SEIWA  90919-22211 4A/5A TOY  TAIW.,40,PZA,0,120.0
2900,"JUNTA   CV  JOINT  HBK/EMIC 26-56-23 TY 2A,3A,4A 2E,3E(TA-01A-02-H)",59,PZA,0,100.0
2901,ROD.  TIPO  VEHICULO  003222-020,36,PZA,0,90.0
2902,ROD.  TIPO  VEHICULO  003222-021.,36,PZA,0,90.0
2903,BOMBA  CLUTH  MARCA J.T. TIPO: VEHICULO COR.,20,PZA,0,120.0
2904,ROD.  MODELO : NS  SUNNY  TIPO:  VEHICULO DAC-3874.,47,PZA,0,90.0
2905,BOBINA  ENCENDIDO  TIPO :VEHICULO  CAJA BLANCA.,18,PZA,0,150.0
2906,SOQUET.  H4  PORC.  XINSEN,401,PZA,0,6.0
2907,SOQUET.  H7  PORCEL.  VERDE.,405,PZA,0,6.0
2908,SOQUET.  9005  PORCEL.  AZUL. BLANCO,405,PZA,0,7.0
2909,SOQUET.  9006  PORCEL.  NARANJ. BLANCO.,405,PZA,0,6.5
2910,SOQUET.  MEDIA  LUZ   CABLE  BLANCO  VERDE.,55,PZA,0,5.0
2911,SOQUET.  OS3  PORTA FUSIBLE VIDRIO CABL. ROJO,605,PZA,0,5.0
2912,SOQUET.  RELAY  5 SAL.  AMARILL.  XINSEN. RY062,365,PZA,0,6.0
2913,SOQUET  RLAY  5  PATAS  NEGRO  RY017,563,PZA,0,6.0
2914,PORTA  FUSIBLE  ROJO  RY029   XINSEN.,404,PZA,0,6.5
2915,INTERRUP.  BOCINA  PEGABLE  NEG. ROJ.  XINSEN  RY033.,1050,PZA,0,5.0
2916,SOQUET.  STOP  TOY.  CORRLL.  1157,605,PZA,0,8.0
2917,SOQUET.  STOP  TOY.  CORRLL.  NEGRO  1156.,605,PZA,0,8.0
2918,INTERRUP.  VENTANA  PAREC.  ORIG.  XINSEN  151.,250,PZA,0,15.0
2919,SOQUET.  METALIC.  PLAT. C.  VERD.  1 C.,200,PZA,0,2.5
2920,SOQUET.  METAL.  PLAT. C.  VERD.  2 C.,200,PZA,0,2.5
2921,CABLE  DE  PARLAN.  XINSEN,10,PZA,0,100.0
2922,BOCINA  BOSCH  CARACOL  BOB90 . YUNDA.,50,PZA,0,60.0
2923,BOCINA  BOSCH  PLANA  BOB100   BOH100  YUNDA.,50,PZA,0,60.0
2924,BOCINA  HELLA BOH110  PLANA  BOH110.  YUNDA.,100,PZA,0,28.0
2925,FLASHER  12V.  81980-12070  166500-0300.,100,PZA,0,19.0
2926,BUL  DE  RETRO  SUZUKI  37610-79502. CAJA  BLANCA.,50,PZA,0,20.0
2927,SWITCH  DE  INYECCION P/DATSUN(CAJA BLANCA/ AMARILL.,50,PZA,0,25.0
2929,FIL. GAS.METAL. 23300-49415  LOBO  C.  AZUL. INY.,50,PZA,0,30.0
2930,BOM.  GAS.  12V  HEP-02 REP133/CAJ.  AZUL/BLAN.,30,PZA,0,90.0
2931,FIL.  GAS.  FILTER  131-261-275 (TP-VW275),497,PZA,0,10.0
2932,FLAS.  ELECTRONIC.  (TP-DU5154-12),50,PZA,0,20.0
2933,CHAP.  PUERTA  TOY. 69051-89106  (TP-EC5452),25,PZA,0,25.0
2934,CHAP.  PUERT.  YOT. 69051-89111  (TP-EC5456),5,PZA,0,25.0
2935,CHAP.  PARA  PUERTA  (TP-EC5457),30,PZA,0,25.0
2936,TAP.  D/BENCINA P/CAMION MERC. BENZ (TP-BO51553),25,PZA,0,35.0
2940,CABLE  P/BAT.  PASA CORRIENTE 800A (TP-OQI800),10,PZA,0,85.0
2941,AGUA  BAT.  DEST.AUTOGUARD LITRO,8,PZA,0,8.0
2942,BAT. TOYO  60AH  N50ZL  SECA,1,PZA,0,562.7000122070312
2943,BAT. TOYO  60AH  N50ZR  SECA,3,PZA,0,562.7000122070312
2944,BAT.  TOYO  54AH  BT54L  SECA,0,PZA,0,479.6099853515625
2945,BAT. TOYO  45AH  NS60L  SECA,1,PZA,0,488.2699890136719
2946,BAT. TOYO  54AH  BT54R  SECA,7,PZA,0,479.6099853515625
2947,BAT. TOYO  70AH  N70L  SECA,-5,PZA,0,623.75
2948,BAT. TOYO  70AH  N70R  SECA,-4,PZA,0,623.75
2949,BAT. TOYO  63AH  BT63L  SECA,0,PZA,0,483.6199951171875
2950,ACEIT .RALLYE TURB. APPR. 10W40  GAL. GAS.,1,PZA,0,155.0
2951,ACEIT. RALLYE TURB. APPR.  20W50  GAL.  GAS,8,PZA,0,155.0
2952,ACEIT. RALLYE  4T  SN  20W50   MOTO LITRO,0,PZA,0,45.0
2953,LIQUIDO  HIDRAULI  RALLYE DXIII  H/M  ATF,0,PZA,0,45.0
2954,TAP.  RAD.  SANKEI  KH-C13  13LBS 0.9  ORIG.,8,PZA,0,48.0
2955,ANTIFRE.COOL. XCEL AMARILL. GAL. SUPER PREMIUN,0,PZA,0,185.7100067138672
2956,ANTI CONGELAN. OPTIMUS LITRO 946 AMARILL.,27,PZA,0,28.0
2957,FIL.  ACEIT. HIGHFIL  PH 10060    (TH76158),20,PZA,0,32.5
2958,FIL.  ELEMEN.  HIGHFIL  31060,25,PZA,0,33.0
2959,ACEIT. RALLYE 10W40  4T  MOTO LITRO,0,PZA,0,45.0
2960,ACEIT.  RALLYE TURB APPR  20W50  LITRO GAS.DIE.,21,PZA,0,46.5
2961,BAT  TOYO  80D31R  80AH  SECA,1,PZA,0,780.0
2963,BAT.  TOYO  N70ZR  75AH  SECA,-1,PZA,0,750.0
2964,BAT. PRAXIS  NS60L  45AMP  12V.,1,PZA,0,0.0
2965,BAT.  PRAXIS  N50Z 60AMP  12V.,0,PZA,0,0.0
2966,BAT.  PRAXIS  N50ZL  60AMP INVERT. 12V.,2,PZA,0,0.0
2967,BAT.  PRAXIS  N70  70AMP  NORMAL  12V.,0,PZA,0,0.0
2968,BAT.  PRAXIS  N70  70AMP  INVERT.  12V.,0,PZA,0,0.0
2969,BAT.  TOYO  N70ZL  SECA   INVERT.,0,PZA,0,790.0
2970,BAT.  TOYO  NS70L  65AH  SECA  12V.,-3,PZA,0,0.0
2971,BAT.  TOYO NS70   65AMP  SECA   NORMAL,-2,PZA,0,0.0
2972,CABLE.  AZUL  Nº 12  ARG.,100,PZA,0,2.299999952316284
2973,REG.  GAUSS  14V. GA 058  IK585  CAM. FORD VW.AGRALE,10,PZA,0,45.0
2974,RELAY  MARILIA ELECTRO. IM-11411 12V 3 ENCH. C/SOP,48,PZA,0,38.86999893188477
2975,LIQ. FRENO  DOT 4 WAGNER  8 OZ  (237 ML),34,PZA,0,26.5
2976,LIQ. FRENO DOT 4   WAGNER DE LITRO,16,PZA,0,67.0999984741211
2978,FIL.  COMBUS. 466987 - 5  FUEL FILTER                 (FILGO),49,PZA,0,18.0
2979,FIL.  AIRE  FDP  IFA - 00010  (17801-0C010) VERSION CHINO  NISSAN CON,2,PZA,0,79.4000015258789
2980,GRASA YPFB NLGI Nº3  MOLIGRAS BALDE,3,PZA,0,504.0
2981,ACEITE  XCEL  GL-5  85W140  BAL.,1,PZA,0,620.0
2982,FIL. ACEIT. FDP  FH 297,12,PZA,0,28.60000038146973
2983,FIL. ACEIT. FDP FH 1104,12,PZA,0,39.0
2984,FIL. ACEIT. FDP FH 1106,12,PZA,0,46.0
